<OpenViBE-Scenario>
	<FormatVersion>1</FormatVersion>
	<Creator>openvibe</Creator>
	<CreatorVersion>2.0</CreatorVersion>
	<Settings></Settings>
	<Inputs></Inputs>
	<Outputs></Outputs>
	<Boxes>
		<Box>
			<Identifier>(0x00000b65, 0x00005669)</Identifier>
			<Name>2</Name>
			<AlgorithmClassIdentifier>(0x361722e8, 0x311574e8)</AlgorithmClassIdentifier>
			<Inputs>
				<Input>
					<TypeIdentifier>(0x5ba36127, 0x195feae1)</TypeIdentifier>
					<Name>Input signal</Name>
				</Input>
			</Inputs>
			<Outputs>
				<Output>
					<TypeIdentifier>(0x5ba36127, 0x195feae1)</TypeIdentifier>
					<Name>Output signal</Name>
				</Output>
			</Outputs>
			<Settings>
				<Setting>
					<TypeIdentifier>(0x79a9edeb, 0x245d83fc)</TypeIdentifier>
					<Name>Channel List</Name>
					<DefaultValue>:</DefaultValue>
					<Value>2</Value>
					<Modifiability>false</Modifiability>
				</Setting>
				<Setting>
					<TypeIdentifier>(0x3bcf9e67, 0x0c23994d)</TypeIdentifier>
					<Name>Action</Name>
					<DefaultValue>Select</DefaultValue>
					<Value>Select</Value>
					<Modifiability>false</Modifiability>
				</Setting>
				<Setting>
					<TypeIdentifier>(0x666f25e9, 0x3e5738d6)</TypeIdentifier>
					<Name>Channel Matching Method</Name>
					<DefaultValue>Smart</DefaultValue>
					<Value>Smart</Value>
					<Modifiability>false</Modifiability>
				</Setting>
			</Settings>
			<Attributes>
				<Attribute>
					<Identifier>(0x1fa7a38f, 0x54edbe0b)</Identifier>
					<Value>96.000000</Value>
				</Attribute>
				<Attribute>
					<Identifier>(0x207c9054, 0x3c841b63)</Identifier>
					<Value>608.000000</Value>
				</Attribute>
				<Attribute>
					<Identifier>(0x30a4e5c9, 0x83502953)</Identifier>
					<Value></Value>
				</Attribute>
				<Attribute>
					<Identifier>(0x4e7b798a, 0x183beafb)</Identifier>
					<Value>(0x277826e1, 0xa30a3bd0)</Value>
				</Attribute>
				<Attribute>
					<Identifier>(0x527ad68d, 0x16d746a0)</Identifier>
					<Value></Value>
				</Attribute>
				<Attribute>
					<Identifier>(0xc46b3d00, 0x3e0454e1)</Identifier>
					<Value>(0x00000000, 0x003d0f85)</Value>
				</Attribute>
				<Attribute>
					<Identifier>(0xc73e83ec, 0xf855c5bc)</Identifier>
					<Value>false</Value>
				</Attribute>
				<Attribute>
					<Identifier>(0xc80ce8af, 0xf699f813)</Identifier>
					<Value>1</Value>
				</Attribute>
				<Attribute>
					<Identifier>(0xce18836a, 0x9c0eb403)</Identifier>
					<Value>3</Value>
				</Attribute>
				<Attribute>
					<Identifier>(0xcfad85b0, 0x7c6d841c)</Identifier>
					<Value>1</Value>
				</Attribute>
			</Attributes>
		</Box>
		<Box>
			<Identifier>(0x000012a1, 0x00007707)</Identifier>
			<Name>Time based epoching</Name>
			<AlgorithmClassIdentifier>(0x00777fa0, 0x5dc3f560)</AlgorithmClassIdentifier>
			<Inputs>
				<Input>
					<TypeIdentifier>(0x5ba36127, 0x195feae1)</TypeIdentifier>
					<Name>Input signal</Name>
				</Input>
			</Inputs>
			<Outputs>
				<Output>
					<TypeIdentifier>(0x5ba36127, 0x195feae1)</TypeIdentifier>
					<Name>Epoched signal 1</Name>
				</Output>
			</Outputs>
			<Settings>
				<Setting>
					<TypeIdentifier>(0x512a166f, 0x5c3ef83f)</TypeIdentifier>
					<Name>Epoch 1 duration (in sec)</Name>
					<DefaultValue>1</DefaultValue>
					<Value>1</Value>
					<Modifiability>false</Modifiability>
				</Setting>
				<Setting>
					<TypeIdentifier>(0x512a166f, 0x5c3ef83f)</TypeIdentifier>
					<Name>Epoch 1 intervals (in sec)</Name>
					<DefaultValue>0.5</DefaultValue>
					<Value>1</Value>
					<Modifiability>false</Modifiability>
				</Setting>
			</Settings>
			<Attributes>
				<Attribute>
					<Identifier>(0x17ee7c08, 0x94c14893)</Identifier>
					<Value></Value>
				</Attribute>
				<Attribute>
					<Identifier>(0x1fa7a38f, 0x54edbe0b)</Identifier>
					<Value>208</Value>
				</Attribute>
				<Attribute>
					<Identifier>(0x207c9054, 0x3c841b63)</Identifier>
					<Value>384</Value>
				</Attribute>
				<Attribute>
					<Identifier>(0x4e7b798a, 0x183beafb)</Identifier>
					<Value>(0xc5ff41e9, 0xccc59a01)</Value>
				</Attribute>
				<Attribute>
					<Identifier>(0xc46b3d00, 0x3e0454e1)</Identifier>
					<Value>(0x00000000, 0x0039202e)</Value>
				</Attribute>
				<Attribute>
					<Identifier>(0xc73e83ec, 0xf855c5bc)</Identifier>
					<Value>false</Value>
				</Attribute>
				<Attribute>
					<Identifier>(0xc80ce8af, 0xf699f813)</Identifier>
					<Value>1</Value>
				</Attribute>
				<Attribute>
					<Identifier>(0xce18836a, 0x9c0eb403)</Identifier>
					<Value>2</Value>
				</Attribute>
				<Attribute>
					<Identifier>(0xcfad85b0, 0x7c6d841c)</Identifier>
					<Value>1</Value>
				</Attribute>
			</Attributes>
		</Box>
		<Box>
			<Identifier>(0x00003a9d, 0x00005238)</Identifier>
			<Name>Time based epoching</Name>
			<AlgorithmClassIdentifier>(0x00777fa0, 0x5dc3f560)</AlgorithmClassIdentifier>
			<Inputs>
				<Input>
					<TypeIdentifier>(0x5ba36127, 0x195feae1)</TypeIdentifier>
					<Name>Input signal</Name>
				</Input>
			</Inputs>
			<Outputs>
				<Output>
					<TypeIdentifier>(0x5ba36127, 0x195feae1)</TypeIdentifier>
					<Name>Epoched signal 1</Name>
				</Output>
			</Outputs>
			<Settings>
				<Setting>
					<TypeIdentifier>(0x512a166f, 0x5c3ef83f)</TypeIdentifier>
					<Name>Epoch 1 duration (in sec)</Name>
					<DefaultValue>1</DefaultValue>
					<Value>1</Value>
					<Modifiability>false</Modifiability>
				</Setting>
				<Setting>
					<TypeIdentifier>(0x512a166f, 0x5c3ef83f)</TypeIdentifier>
					<Name>Epoch 1 intervals (in sec)</Name>
					<DefaultValue>0.5</DefaultValue>
					<Value>1</Value>
					<Modifiability>false</Modifiability>
				</Setting>
			</Settings>
			<Attributes>
				<Attribute>
					<Identifier>(0x17ee7c08, 0x94c14893)</Identifier>
					<Value></Value>
				</Attribute>
				<Attribute>
					<Identifier>(0x1fa7a38f, 0x54edbe0b)</Identifier>
					<Value>208</Value>
				</Attribute>
				<Attribute>
					<Identifier>(0x207c9054, 0x3c841b63)</Identifier>
					<Value>656</Value>
				</Attribute>
				<Attribute>
					<Identifier>(0x4e7b798a, 0x183beafb)</Identifier>
					<Value>(0xc5ff41e9, 0xccc59a01)</Value>
				</Attribute>
				<Attribute>
					<Identifier>(0xc46b3d00, 0x3e0454e1)</Identifier>
					<Value>(0x00000000, 0x0033334b)</Value>
				</Attribute>
				<Attribute>
					<Identifier>(0xc73e83ec, 0xf855c5bc)</Identifier>
					<Value>false</Value>
				</Attribute>
				<Attribute>
					<Identifier>(0xc80ce8af, 0xf699f813)</Identifier>
					<Value>1</Value>
				</Attribute>
				<Attribute>
					<Identifier>(0xce18836a, 0x9c0eb403)</Identifier>
					<Value>2</Value>
				</Attribute>
				<Attribute>
					<Identifier>(0xcfad85b0, 0x7c6d841c)</Identifier>
					<Value>1</Value>
				</Attribute>
			</Attributes>
		</Box>
		<Box>
			<Identifier>(0x00004836, 0x0000326d)</Identifier>
			<Name>Input signal 1</Name>
			<AlgorithmClassIdentifier>(0x0055be5f, 0x087bdd12)</AlgorithmClassIdentifier>
			<Inputs>
				<Input>
					<TypeIdentifier>(0x5ba36127, 0x195feae1)</TypeIdentifier>
					<Name>Data</Name>
				</Input>
				<Input>
					<TypeIdentifier>(0x6f752dd0, 0x082a321e)</TypeIdentifier>
					<Name>Stimulations</Name>
				</Input>
				<Input>
					<TypeIdentifier>(0x6ab26b81, 0x0f8c02f3)</TypeIdentifier>
					<Name>Channel Units</Name>
				</Input>
			</Inputs>
			<Settings>
				<Setting>
					<TypeIdentifier>(0x5de046a6, 0x086340aa)</TypeIdentifier>
					<Name>Display Mode</Name>
					<DefaultValue>Scan</DefaultValue>
					<Value>Scan</Value>
					<Modifiability>false</Modifiability>
				</Setting>
				<Setting>
					<TypeIdentifier>(0x33a30739, 0x00d5299b)</TypeIdentifier>
					<Name>Auto vertical scale</Name>
					<DefaultValue>Per channel</DefaultValue>
					<Value>Per channel</Value>
					<Modifiability>false</Modifiability>
				</Setting>
				<Setting>
					<TypeIdentifier>(0x512a166f, 0x5c3ef83f)</TypeIdentifier>
					<Name>Scale refresh interval (secs)</Name>
					<DefaultValue>5</DefaultValue>
					<Value>5</Value>
					<Modifiability>false</Modifiability>
				</Setting>
				<Setting>
					<TypeIdentifier>(0x512a166f, 0x5c3ef83f)</TypeIdentifier>
					<Name>Vertical Scale</Name>
					<DefaultValue>100</DefaultValue>
					<Value>100</Value>
					<Modifiability>false</Modifiability>
				</Setting>
				<Setting>
					<TypeIdentifier>(0x512a166f, 0x5c3ef83f)</TypeIdentifier>
					<Name>Vertical Offset</Name>
					<DefaultValue>0</DefaultValue>
					<Value>0</Value>
					<Modifiability>false</Modifiability>
				</Setting>
				<Setting>
					<TypeIdentifier>(0x512a166f, 0x5c3ef83f)</TypeIdentifier>
					<Name>Time Scale</Name>
					<DefaultValue>10</DefaultValue>
					<Value>10</Value>
					<Modifiability>false</Modifiability>
				</Setting>
				<Setting>
					<TypeIdentifier>(0x2cdb2f0b, 0x12f231ea)</TypeIdentifier>
					<Name>Horizontal ruler</Name>
					<DefaultValue>true</DefaultValue>
					<Value>true</Value>
					<Modifiability>false</Modifiability>
				</Setting>
				<Setting>
					<TypeIdentifier>(0x2cdb2f0b, 0x12f231ea)</TypeIdentifier>
					<Name>Vertical ruler</Name>
					<DefaultValue>false</DefaultValue>
					<Value>false</Value>
					<Modifiability>false</Modifiability>
				</Setting>
				<Setting>
					<TypeIdentifier>(0x2cdb2f0b, 0x12f231ea)</TypeIdentifier>
					<Name>Multiview</Name>
					<DefaultValue>false</DefaultValue>
					<Value>false</Value>
					<Modifiability>false</Modifiability>
				</Setting>
			</Settings>
			<Attributes>
				<Attribute>
					<Identifier>(0x1fa7a38f, 0x54edbe0b)</Identifier>
					<Value>368.000000</Value>
				</Attribute>
				<Attribute>
					<Identifier>(0x207c9054, 0x3c841b63)</Identifier>
					<Value>352.000000</Value>
				</Attribute>
				<Attribute>
					<Identifier>(0x4e7b798a, 0x183beafb)</Identifier>
					<Value>(0x92c056a7, 0x2dc71aff)</Value>
				</Attribute>
				<Attribute>
					<Identifier>(0x527ad68d, 0x16d746a0)</Identifier>
					<Value></Value>
				</Attribute>
				<Attribute>
					<Identifier>(0xc46b3d00, 0x3e0454e1)</Identifier>
					<Value>(0x00000000, 0x001db1fc)</Value>
				</Attribute>
				<Attribute>
					<Identifier>(0xc73e83ec, 0xf855c5bc)</Identifier>
					<Value>false</Value>
				</Attribute>
				<Attribute>
					<Identifier>(0xce18836a, 0x9c0eb403)</Identifier>
					<Value>9</Value>
				</Attribute>
				<Attribute>
					<Identifier>(0xcfad85b0, 0x7c6d841c)</Identifier>
					<Value>3</Value>
				</Attribute>
			</Attributes>
		</Box>
		<Box>
			<Identifier>(0x00005beb, 0x000017c1)</Identifier>
			<Name>Mean coherence signal</Name>
			<AlgorithmClassIdentifier>(0x0055be5f, 0x087bdd12)</AlgorithmClassIdentifier>
			<Inputs>
				<Input>
					<TypeIdentifier>(0x5ba36127, 0x195feae1)</TypeIdentifier>
					<Name>Data</Name>
				</Input>
				<Input>
					<TypeIdentifier>(0x6f752dd0, 0x082a321e)</TypeIdentifier>
					<Name>Stimulations</Name>
				</Input>
				<Input>
					<TypeIdentifier>(0x6ab26b81, 0x0f8c02f3)</TypeIdentifier>
					<Name>Channel Units</Name>
				</Input>
			</Inputs>
			<Settings>
				<Setting>
					<TypeIdentifier>(0x5de046a6, 0x086340aa)</TypeIdentifier>
					<Name>Display Mode</Name>
					<DefaultValue>Scan</DefaultValue>
					<Value>Scan</Value>
					<Modifiability>false</Modifiability>
				</Setting>
				<Setting>
					<TypeIdentifier>(0x33a30739, 0x00d5299b)</TypeIdentifier>
					<Name>Auto vertical scale</Name>
					<DefaultValue>Per channel</DefaultValue>
					<Value>Per channel</Value>
					<Modifiability>false</Modifiability>
				</Setting>
				<Setting>
					<TypeIdentifier>(0x512a166f, 0x5c3ef83f)</TypeIdentifier>
					<Name>Scale refresh interval (secs)</Name>
					<DefaultValue>5</DefaultValue>
					<Value>5</Value>
					<Modifiability>false</Modifiability>
				</Setting>
				<Setting>
					<TypeIdentifier>(0x512a166f, 0x5c3ef83f)</TypeIdentifier>
					<Name>Vertical Scale</Name>
					<DefaultValue>100</DefaultValue>
					<Value>100</Value>
					<Modifiability>false</Modifiability>
				</Setting>
				<Setting>
					<TypeIdentifier>(0x512a166f, 0x5c3ef83f)</TypeIdentifier>
					<Name>Vertical Offset</Name>
					<DefaultValue>0</DefaultValue>
					<Value>0</Value>
					<Modifiability>false</Modifiability>
				</Setting>
				<Setting>
					<TypeIdentifier>(0x512a166f, 0x5c3ef83f)</TypeIdentifier>
					<Name>Time Scale</Name>
					<DefaultValue>10</DefaultValue>
					<Value>10</Value>
					<Modifiability>false</Modifiability>
				</Setting>
				<Setting>
					<TypeIdentifier>(0x2cdb2f0b, 0x12f231ea)</TypeIdentifier>
					<Name>Horizontal ruler</Name>
					<DefaultValue>true</DefaultValue>
					<Value>true</Value>
					<Modifiability>false</Modifiability>
				</Setting>
				<Setting>
					<TypeIdentifier>(0x2cdb2f0b, 0x12f231ea)</TypeIdentifier>
					<Name>Vertical ruler</Name>
					<DefaultValue>false</DefaultValue>
					<Value>false</Value>
					<Modifiability>false</Modifiability>
				</Setting>
				<Setting>
					<TypeIdentifier>(0x2cdb2f0b, 0x12f231ea)</TypeIdentifier>
					<Name>Multiview</Name>
					<DefaultValue>false</DefaultValue>
					<Value>false</Value>
					<Modifiability>false</Modifiability>
				</Setting>
			</Settings>
			<Attributes>
				<Attribute>
					<Identifier>(0x1fa7a38f, 0x54edbe0b)</Identifier>
					<Value>464.000000</Value>
				</Attribute>
				<Attribute>
					<Identifier>(0x207c9054, 0x3c841b63)</Identifier>
					<Value>400.000000</Value>
				</Attribute>
				<Attribute>
					<Identifier>(0x4e7b798a, 0x183beafb)</Identifier>
					<Value>(0x92c056a7, 0x2dc71aff)</Value>
				</Attribute>
				<Attribute>
					<Identifier>(0x527ad68d, 0x16d746a0)</Identifier>
					<Value></Value>
				</Attribute>
				<Attribute>
					<Identifier>(0xc46b3d00, 0x3e0454e1)</Identifier>
					<Value>(0x00000000, 0x0021d031)</Value>
				</Attribute>
				<Attribute>
					<Identifier>(0xc73e83ec, 0xf855c5bc)</Identifier>
					<Value>false</Value>
				</Attribute>
				<Attribute>
					<Identifier>(0xce18836a, 0x9c0eb403)</Identifier>
					<Value>9</Value>
				</Attribute>
				<Attribute>
					<Identifier>(0xcfad85b0, 0x7c6d841c)</Identifier>
					<Value>3</Value>
				</Attribute>
			</Attributes>
		</Box>
		<Box>
			<Identifier>(0x00005f06, 0x00000ccd)</Identifier>
			<Name>Connectivity Measure</Name>
			<AlgorithmClassIdentifier>(0x8e3a1aef, 0x7cacd368)</AlgorithmClassIdentifier>
			<Inputs>
				<Input>
					<TypeIdentifier>(0x5ba36127, 0x195feae1)</TypeIdentifier>
					<Name>EEG Signal</Name>
				</Input>
				<Input>
					<TypeIdentifier>(0x5ba36127, 0x195feae1)</TypeIdentifier>
					<Name>New input</Name>
				</Input>
			</Inputs>
			<Outputs>
				<Output>
					<TypeIdentifier>(0x5ba36127, 0x195feae1)</TypeIdentifier>
					<Name>Mean coherence signal</Name>
				</Output>
				<Output>
					<TypeIdentifier>(0x1f261c0a, 0x593bf6bd)</TypeIdentifier>
					<Name>Coherence spectrum</Name>
				</Output>
			</Outputs>
			<Settings>
				<Setting>
					<TypeIdentifier>(0xdc90c94b, 0xf82ad423)</TypeIdentifier>
					<Name>Method</Name>
					<DefaultValue>Single-Trial Phase Locking Value</DefaultValue>
					<Value>Magnitude Squared Coherence</Value>
					<Modifiability>false</Modifiability>
				</Setting>
				<Setting>
					<TypeIdentifier>(0x79a9edeb, 0x245d83fc)</TypeIdentifier>
					<Name>Pairs of channels</Name>
					<DefaultValue>1-2</DefaultValue>
					<Value>1-1</Value>
					<Modifiability>false</Modifiability>
				</Setting>
				<Setting>
					<TypeIdentifier>(0x666f25e9, 0x3e5738d6)</TypeIdentifier>
					<Name>Channel Matching Method</Name>
					<DefaultValue>Smart</DefaultValue>
					<Value>Smart</Value>
					<Modifiability>false</Modifiability>
				</Setting>
				<Setting>
					<TypeIdentifier>(0x332bbb80, 0xc212810a)</TypeIdentifier>
					<Name>Window method</Name>
					<DefaultValue>Bartlett (triangular)</DefaultValue>
					<Value>Welch</Value>
					<Modifiability>false</Modifiability>
				</Setting>
				<Setting>
					<TypeIdentifier>(0x007deef9, 0x2f3e95c6)</TypeIdentifier>
					<Name>Overlap (percentage)</Name>
					<DefaultValue>0</DefaultValue>
					<Value>50</Value>
					<Modifiability>false</Modifiability>
				</Setting>
				<Setting>
					<TypeIdentifier>(0x007deef9, 0x2f3e95c6)</TypeIdentifier>
					<Name>Length of segments</Name>
					<DefaultValue>0</DefaultValue>
					<Value>256</Value>
					<Modifiability>false</Modifiability>
				</Setting>
			</Settings>
			<Attributes>
				<Attribute>
					<Identifier>(0x1fa7a38f, 0x54edbe0b)</Identifier>
					<Value>368</Value>
				</Attribute>
				<Attribute>
					<Identifier>(0x207c9054, 0x3c841b63)</Identifier>
					<Value>528</Value>
				</Attribute>
				<Attribute>
					<Identifier>(0x4e7b798a, 0x183beafb)</Identifier>
					<Value>(0xadf93ac3, 0x3981887a)</Value>
				</Attribute>
				<Attribute>
					<Identifier>(0xc46b3d00, 0x3e0454e1)</Identifier>
					<Value>(0x00000000, 0x0034c189)</Value>
				</Attribute>
				<Attribute>
					<Identifier>(0xc73e83ec, 0xf855c5bc)</Identifier>
					<Value>false</Value>
				</Attribute>
				<Attribute>
					<Identifier>(0xc80ce8af, 0xf699f813)</Identifier>
					<Value>1</Value>
				</Attribute>
				<Attribute>
					<Identifier>(0xce18836a, 0x9c0eb403)</Identifier>
					<Value>3</Value>
				</Attribute>
				<Attribute>
					<Identifier>(0xcfad85b0, 0x7c6d841c)</Identifier>
					<Value>1</Value>
				</Attribute>
				<Attribute>
					<Identifier>(0xfba64161, 0x65304e21)</Identifier>
					<Value></Value>
				</Attribute>
			</Attributes>
		</Box>
		<Box>
			<Identifier>(0x00006b42, 0x00005099)</Identifier>
			<Name>1</Name>
			<AlgorithmClassIdentifier>(0x361722e8, 0x311574e8)</AlgorithmClassIdentifier>
			<Inputs>
				<Input>
					<TypeIdentifier>(0x5ba36127, 0x195feae1)</TypeIdentifier>
					<Name>Input signal</Name>
				</Input>
			</Inputs>
			<Outputs>
				<Output>
					<TypeIdentifier>(0x5ba36127, 0x195feae1)</TypeIdentifier>
					<Name>Output signal</Name>
				</Output>
			</Outputs>
			<Settings>
				<Setting>
					<TypeIdentifier>(0x79a9edeb, 0x245d83fc)</TypeIdentifier>
					<Name>Channel List</Name>
					<DefaultValue>:</DefaultValue>
					<Value>1</Value>
					<Modifiability>false</Modifiability>
				</Setting>
				<Setting>
					<TypeIdentifier>(0x3bcf9e67, 0x0c23994d)</TypeIdentifier>
					<Name>Action</Name>
					<DefaultValue>Select</DefaultValue>
					<Value>Select</Value>
					<Modifiability>false</Modifiability>
				</Setting>
				<Setting>
					<TypeIdentifier>(0x666f25e9, 0x3e5738d6)</TypeIdentifier>
					<Name>Channel Matching Method</Name>
					<DefaultValue>Smart</DefaultValue>
					<Value>Smart</Value>
					<Modifiability>false</Modifiability>
				</Setting>
			</Settings>
			<Attributes>
				<Attribute>
					<Identifier>(0x1fa7a38f, 0x54edbe0b)</Identifier>
					<Value>96.000000</Value>
				</Attribute>
				<Attribute>
					<Identifier>(0x207c9054, 0x3c841b63)</Identifier>
					<Value>432.000000</Value>
				</Attribute>
				<Attribute>
					<Identifier>(0x30a4e5c9, 0x83502953)</Identifier>
					<Value></Value>
				</Attribute>
				<Attribute>
					<Identifier>(0x4e7b798a, 0x183beafb)</Identifier>
					<Value>(0x277826e1, 0xa30a3bd0)</Value>
				</Attribute>
				<Attribute>
					<Identifier>(0x527ad68d, 0x16d746a0)</Identifier>
					<Value></Value>
				</Attribute>
				<Attribute>
					<Identifier>(0xc46b3d00, 0x3e0454e1)</Identifier>
					<Value>(0x00000000, 0x0051c3d7)</Value>
				</Attribute>
				<Attribute>
					<Identifier>(0xc73e83ec, 0xf855c5bc)</Identifier>
					<Value>false</Value>
				</Attribute>
				<Attribute>
					<Identifier>(0xc80ce8af, 0xf699f813)</Identifier>
					<Value>1</Value>
				</Attribute>
				<Attribute>
					<Identifier>(0xce18836a, 0x9c0eb403)</Identifier>
					<Value>3</Value>
				</Attribute>
				<Attribute>
					<Identifier>(0xcfad85b0, 0x7c6d841c)</Identifier>
					<Value>1</Value>
				</Attribute>
			</Attributes>
		</Box>
		<Box>
			<Identifier>(0x00007957, 0x00001c3e)</Identifier>
			<Name>Generic stream reader</Name>
			<AlgorithmClassIdentifier>(0x6468099f, 0x0370095a)</AlgorithmClassIdentifier>
			<Outputs>
				<Output>
					<TypeIdentifier>(0x5ba36127, 0x195feae1)</TypeIdentifier>
					<Name>Output stream 1</Name>
				</Output>
				<Output>
					<TypeIdentifier>(0x403488e7, 0x565d70b6)</TypeIdentifier>
					<Name>Output stream 2</Name>
				</Output>
				<Output>
					<TypeIdentifier>(0x6f752dd0, 0x082a321e)</TypeIdentifier>
					<Name>Output stream 3</Name>
				</Output>
			</Outputs>
			<Settings>
				<Setting>
					<TypeIdentifier>(0x330306dd, 0x74a95f98)</TypeIdentifier>
					<Name>Filename</Name>
					<DefaultValue></DefaultValue>
					<Value>${Path_Data}/scenarios/signals/bci-motor-imagery.ov</Value>
					<Modifiability>false</Modifiability>
				</Setting>
			</Settings>
			<Attributes>
				<Attribute>
					<Identifier>(0x17ee7c08, 0x94c14893)</Identifier>
					<Value></Value>
				</Attribute>
				<Attribute>
					<Identifier>(0x1fa7a38f, 0x54edbe0b)</Identifier>
					<Value>0</Value>
				</Attribute>
				<Attribute>
					<Identifier>(0x207c9054, 0x3c841b63)</Identifier>
					<Value>512</Value>
				</Attribute>
				<Attribute>
					<Identifier>(0x30a4e5c9, 0x83502953)</Identifier>
					<Value></Value>
				</Attribute>
				<Attribute>
					<Identifier>(0x4e7b798a, 0x183beafb)</Identifier>
					<Value>(0xf37b8e7a, 0x1bc33e4e)</Value>
				</Attribute>
				<Attribute>
					<Identifier>(0xc46b3d00, 0x3e0454e1)</Identifier>
					<Value>(0x00000000, 0x00d6fb6b)</Value>
				</Attribute>
				<Attribute>
					<Identifier>(0xc73e83ec, 0xf855c5bc)</Identifier>
					<Value>false</Value>
				</Attribute>
				<Attribute>
					<Identifier>(0xc80ce8af, 0xf699f813)</Identifier>
					<Value>1</Value>
				</Attribute>
				<Attribute>
					<Identifier>(0xce18836a, 0x9c0eb403)</Identifier>
					<Value>1</Value>
				</Attribute>
			</Attributes>
		</Box>
		<Box>
			<Identifier>(0x00007add, 0x00003eff)</Identifier>
			<Name>Input signal 2</Name>
			<AlgorithmClassIdentifier>(0x0055be5f, 0x087bdd12)</AlgorithmClassIdentifier>
			<Inputs>
				<Input>
					<TypeIdentifier>(0x5ba36127, 0x195feae1)</TypeIdentifier>
					<Name>Data</Name>
				</Input>
				<Input>
					<TypeIdentifier>(0x6f752dd0, 0x082a321e)</TypeIdentifier>
					<Name>Stimulations</Name>
				</Input>
				<Input>
					<TypeIdentifier>(0x6ab26b81, 0x0f8c02f3)</TypeIdentifier>
					<Name>Channel Units</Name>
				</Input>
			</Inputs>
			<Settings>
				<Setting>
					<TypeIdentifier>(0x5de046a6, 0x086340aa)</TypeIdentifier>
					<Name>Display Mode</Name>
					<DefaultValue>Scan</DefaultValue>
					<Value>Scan</Value>
					<Modifiability>false</Modifiability>
				</Setting>
				<Setting>
					<TypeIdentifier>(0x33a30739, 0x00d5299b)</TypeIdentifier>
					<Name>Auto vertical scale</Name>
					<DefaultValue>Per channel</DefaultValue>
					<Value>Per channel</Value>
					<Modifiability>false</Modifiability>
				</Setting>
				<Setting>
					<TypeIdentifier>(0x512a166f, 0x5c3ef83f)</TypeIdentifier>
					<Name>Scale refresh interval (secs)</Name>
					<DefaultValue>5</DefaultValue>
					<Value>5</Value>
					<Modifiability>false</Modifiability>
				</Setting>
				<Setting>
					<TypeIdentifier>(0x512a166f, 0x5c3ef83f)</TypeIdentifier>
					<Name>Vertical Scale</Name>
					<DefaultValue>100</DefaultValue>
					<Value>100</Value>
					<Modifiability>false</Modifiability>
				</Setting>
				<Setting>
					<TypeIdentifier>(0x512a166f, 0x5c3ef83f)</TypeIdentifier>
					<Name>Vertical Offset</Name>
					<DefaultValue>0</DefaultValue>
					<Value>0</Value>
					<Modifiability>false</Modifiability>
				</Setting>
				<Setting>
					<TypeIdentifier>(0x512a166f, 0x5c3ef83f)</TypeIdentifier>
					<Name>Time Scale</Name>
					<DefaultValue>10</DefaultValue>
					<Value>10</Value>
					<Modifiability>false</Modifiability>
				</Setting>
				<Setting>
					<TypeIdentifier>(0x2cdb2f0b, 0x12f231ea)</TypeIdentifier>
					<Name>Horizontal ruler</Name>
					<DefaultValue>true</DefaultValue>
					<Value>true</Value>
					<Modifiability>false</Modifiability>
				</Setting>
				<Setting>
					<TypeIdentifier>(0x2cdb2f0b, 0x12f231ea)</TypeIdentifier>
					<Name>Vertical ruler</Name>
					<DefaultValue>false</DefaultValue>
					<Value>false</Value>
					<Modifiability>false</Modifiability>
				</Setting>
				<Setting>
					<TypeIdentifier>(0x2cdb2f0b, 0x12f231ea)</TypeIdentifier>
					<Name>Multiview</Name>
					<DefaultValue>false</DefaultValue>
					<Value>false</Value>
					<Modifiability>false</Modifiability>
				</Setting>
			</Settings>
			<Attributes>
				<Attribute>
					<Identifier>(0x1fa7a38f, 0x54edbe0b)</Identifier>
					<Value>352.000000</Value>
				</Attribute>
				<Attribute>
					<Identifier>(0x207c9054, 0x3c841b63)</Identifier>
					<Value>704.000000</Value>
				</Attribute>
				<Attribute>
					<Identifier>(0x4e7b798a, 0x183beafb)</Identifier>
					<Value>(0x92c056a7, 0x2dc71aff)</Value>
				</Attribute>
				<Attribute>
					<Identifier>(0x527ad68d, 0x16d746a0)</Identifier>
					<Value></Value>
				</Attribute>
				<Attribute>
					<Identifier>(0xc46b3d00, 0x3e0454e1)</Identifier>
					<Value>(0x00000000, 0x0020ebbe)</Value>
				</Attribute>
				<Attribute>
					<Identifier>(0xc73e83ec, 0xf855c5bc)</Identifier>
					<Value>false</Value>
				</Attribute>
				<Attribute>
					<Identifier>(0xce18836a, 0x9c0eb403)</Identifier>
					<Value>9</Value>
				</Attribute>
				<Attribute>
					<Identifier>(0xcfad85b0, 0x7c6d841c)</Identifier>
					<Value>3</Value>
				</Attribute>
			</Attributes>
		</Box>
		<Box>
			<Identifier>(0x01ac36a1, 0x3fafc859)</Identifier>
			<Name>Coherence spectrum</Name>
			<AlgorithmClassIdentifier>(0xecb46081, 0x96da0d49)</AlgorithmClassIdentifier>
			<Inputs>
				<Input>
					<TypeIdentifier>(0x1f261c0a, 0x593bf6bd)</TypeIdentifier>
					<Name>Matrix</Name>
				</Input>
			</Inputs>
			<Settings>
				<Setting>
					<TypeIdentifier>(0x330306dd, 0x74a95f98)</TypeIdentifier>
					<Name>Channel Localisation</Name>
					<DefaultValue>${AdvancedViz_ChannelLocalisation}</DefaultValue>
					<Value>${AdvancedViz_ChannelLocalisation}</Value>
					<Modifiability>false</Modifiability>
				</Setting>
				<Setting>
					<TypeIdentifier>(0x2cdb2f0b, 0x12f231ea)</TypeIdentifier>
					<Name>Positive Data Only ?</Name>
					<DefaultValue>false</DefaultValue>
					<Value>false</Value>
					<Modifiability>false</Modifiability>
				</Setting>
				<Setting>
					<TypeIdentifier>(0x512a166f, 0x5c3ef83f)</TypeIdentifier>
					<Name>Gain</Name>
					<DefaultValue>1</DefaultValue>
					<Value>1</Value>
					<Modifiability>false</Modifiability>
				</Setting>
				<Setting>
					<TypeIdentifier>(0x79a9edeb, 0x245d83fc)</TypeIdentifier>
					<Name>Caption</Name>
					<DefaultValue></DefaultValue>
					<Value></Value>
					<Modifiability>false</Modifiability>
				</Setting>
				<Setting>
					<TypeIdentifier>(0x512a166f, 0x5c3ef83f)</TypeIdentifier>
					<Name>Translucency</Name>
					<DefaultValue>1</DefaultValue>
					<Value>1</Value>
					<Modifiability>false</Modifiability>
				</Setting>
				<Setting>
					<TypeIdentifier>(0x3d3c7c7f, 0xef0e7129)</TypeIdentifier>
					<Name>Color</Name>
					<DefaultValue>${AdvancedViz_DefaultColorGradient}</DefaultValue>
					<Value>${AdvancedViz_DefaultColorGradient}</Value>
					<Modifiability>false</Modifiability>
				</Setting>
			</Settings>
			<Attributes>
				<Attribute>
					<Identifier>(0x1fa7a38f, 0x54edbe0b)</Identifier>
					<Value>464</Value>
				</Attribute>
				<Attribute>
					<Identifier>(0x207c9054, 0x3c841b63)</Identifier>
					<Value>608</Value>
				</Attribute>
				<Attribute>
					<Identifier>(0x4e7b798a, 0x183beafb)</Identifier>
					<Value>(0x6b60e2b2, 0xf4839b7d)</Value>
				</Attribute>
				<Attribute>
					<Identifier>(0x527ad68d, 0x16d746a0)</Identifier>
					<Value></Value>
				</Attribute>
				<Attribute>
					<Identifier>(0xce18836a, 0x9c0eb403)</Identifier>
					<Value>6</Value>
				</Attribute>
				<Attribute>
					<Identifier>(0xcfad85b0, 0x7c6d841c)</Identifier>
					<Value>1</Value>
				</Attribute>
			</Attributes>
		</Box>
	</Boxes>
	<Links>
		<Link>
			<Identifier>(0x00000900, 0x00005e60)</Identifier>
			<Source>
				<BoxIdentifier>(0x00006b42, 0x00005099)</BoxIdentifier>
				<BoxOutputIndex>0</BoxOutputIndex>
			</Source>
			<Target>
				<BoxIdentifier>(0x000012a1, 0x00007707)</BoxIdentifier>
				<BoxInputIndex>0</BoxInputIndex>
			</Target>
		</Link>
		<Link>
			<Identifier>(0x00000a6d, 0x00000c3f)</Identifier>
			<Source>
				<BoxIdentifier>(0x000012a1, 0x00007707)</BoxIdentifier>
				<BoxOutputIndex>0</BoxOutputIndex>
			</Source>
			<Target>
				<BoxIdentifier>(0x00005f06, 0x00000ccd)</BoxIdentifier>
				<BoxInputIndex>0</BoxInputIndex>
			</Target>
		</Link>
		<Link>
			<Identifier>(0x00001637, 0x00005cd6)</Identifier>
			<Source>
				<BoxIdentifier>(0x00007957, 0x00001c3e)</BoxIdentifier>
				<BoxOutputIndex>0</BoxOutputIndex>
			</Source>
			<Target>
				<BoxIdentifier>(0x00000b65, 0x00005669)</BoxIdentifier>
				<BoxInputIndex>0</BoxInputIndex>
			</Target>
		</Link>
		<Link>
			<Identifier>(0x00001c20, 0x0000620f)</Identifier>
			<Source>
				<BoxIdentifier>(0x00000b65, 0x00005669)</BoxIdentifier>
				<BoxOutputIndex>0</BoxOutputIndex>
			</Source>
			<Target>
				<BoxIdentifier>(0x00003a9d, 0x00005238)</BoxIdentifier>
				<BoxInputIndex>0</BoxInputIndex>
			</Target>
		</Link>
		<Link>
			<Identifier>(0x00003287, 0x00004d44)</Identifier>
			<Source>
				<BoxIdentifier>(0x00003a9d, 0x00005238)</BoxIdentifier>
				<BoxOutputIndex>0</BoxOutputIndex>
			</Source>
			<Target>
				<BoxIdentifier>(0x00005f06, 0x00000ccd)</BoxIdentifier>
				<BoxInputIndex>1</BoxInputIndex>
			</Target>
		</Link>
		<Link>
			<Identifier>(0x00003ba2, 0x00002df3)</Identifier>
			<Source>
				<BoxIdentifier>(0x00007957, 0x00001c3e)</BoxIdentifier>
				<BoxOutputIndex>0</BoxOutputIndex>
			</Source>
			<Target>
				<BoxIdentifier>(0x00006b42, 0x00005099)</BoxIdentifier>
				<BoxInputIndex>0</BoxInputIndex>
			</Target>
		</Link>
		<Link>
			<Identifier>(0x00003efa, 0x00000bdf)</Identifier>
			<Source>
				<BoxIdentifier>(0x00003a9d, 0x00005238)</BoxIdentifier>
				<BoxOutputIndex>0</BoxOutputIndex>
			</Source>
			<Target>
				<BoxIdentifier>(0x00007add, 0x00003eff)</BoxIdentifier>
				<BoxInputIndex>0</BoxInputIndex>
			</Target>
		</Link>
		<Link>
			<Identifier>(0x000056c9, 0x000002d8)</Identifier>
			<Source>
				<BoxIdentifier>(0x000012a1, 0x00007707)</BoxIdentifier>
				<BoxOutputIndex>0</BoxOutputIndex>
			</Source>
			<Target>
				<BoxIdentifier>(0x00004836, 0x0000326d)</BoxIdentifier>
				<BoxInputIndex>0</BoxInputIndex>
			</Target>
		</Link>
		<Link>
			<Identifier>(0x00006164, 0x000002ed)</Identifier>
			<Source>
				<BoxIdentifier>(0x00005f06, 0x00000ccd)</BoxIdentifier>
				<BoxOutputIndex>0</BoxOutputIndex>
			</Source>
			<Target>
				<BoxIdentifier>(0x00005beb, 0x000017c1)</BoxIdentifier>
				<BoxInputIndex>0</BoxInputIndex>
			</Target>
		</Link>
		<Link>
			<Identifier>(0x7303c8cc, 0x406115cb)</Identifier>
			<Source>
				<BoxIdentifier>(0x00005f06, 0x00000ccd)</BoxIdentifier>
				<BoxOutputIndex>1</BoxOutputIndex>
			</Source>
			<Target>
				<BoxIdentifier>(0x01ac36a1, 0x3fafc859)</BoxIdentifier>
				<BoxInputIndex>0</BoxInputIndex>
			</Target>
		</Link>
	</Links>
	<Comments>
		<Comment>
			<Identifier>(0x00004ed7, 0x00005c26)</Identifier>
			<Text>The &lt;i&gt;&lt;b&gt;Connectivity Measure&lt;/b&gt;&lt;/i&gt; box returns :
 -  the &lt;i&gt;Coherence&lt;/i&gt;  at each frequencies between  two specified channels.
- the mean &lt;i&gt;Coherence&lt;/i&gt;  over all the frequency as a function of time.

The welch's method is computed with the Welch window, segments of
 256 samples and an overlap of 50 % (128 samples).

You can select the box and press &lt;b&gt;F1&lt;/b&gt; to access 
its online documentation.</Text>
			<Attributes>
				<Attribute>
					<Identifier>(0x473d9a43, 0x97fc0a97)</Identifier>
					<Value>1008</Value>
				</Attribute>
				<Attribute>
					<Identifier>(0x7234b86b, 0x2b8651a5)</Identifier>
					<Value>368</Value>
				</Attribute>
			</Attributes>
		</Comment>
		<Comment>
			<Identifier>(0x00005d93, 0x00001373)</Identifier>
			<Text>This scenario illustrates measuring the connectivity of signals,  
by computing the &lt;i&gt;&lt;b&gt;Magnitude Squared Coherence&lt;/b&gt;&lt;/i&gt;, between two channels.</Text>
			<Attributes>
				<Attribute>
					<Identifier>(0x473d9a43, 0x97fc0a97)</Identifier>
					<Value>480</Value>
				</Attribute>
				<Attribute>
					<Identifier>(0x7234b86b, 0x2b8651a5)</Identifier>
					<Value>-80</Value>
				</Attribute>
			</Attributes>
		</Comment>
		<Comment>
			<Identifier>(0x000060cb, 0x0000138f)</Identifier>
			<Text>The &lt;i&gt;&lt;b&gt;Time Based Epoching&lt;/b&gt;&lt;/i&gt; box
splits the signals in blocks of 1 seconds every second.

In this case this box is used to make bigger sets of data 
to send in input of connectivity box,  the processing is more meaningful 
on bigger sets than on the defaults chunk of 32 samples.

The blocks can be overlapping as well to make it a moving window. </Text>
			<Attributes>
				<Attribute>
					<Identifier>(0x473d9a43, 0x97fc0a97)</Identifier>
					<Value>1008.000000</Value>
				</Attribute>
				<Attribute>
					<Identifier>(0x7234b86b, 0x2b8651a5)</Identifier>
					<Value>144.000000</Value>
				</Attribute>
			</Attributes>
		</Comment>
	</Comments>
	<Metadata>
		<Entry>
			<Identifier>(0x0000775c, 0x000078ff)</Identifier>
			<Type>(0x3bcce5d2, 0x43f2d968)</Type>
			<Data>[{"boxIdentifier":"(0xffffffff, 0xffffffff)","childCount":1,"height":320,"identifier":"(0x000032c6, 0x00000dd9)","name":"Default window","parentIdentifier":"(0xffffffff, 0xffffffff)","type":1,"width":464},{"boxIdentifier":"(0x01ac36a1, 0x3fafc859)","childCount":0,"identifier":"(0x08d5a886, 0x310958f8)","parentIdentifier":"(0xffffffff, 0xffffffff)","type":3},{"boxIdentifier":"(0xffffffff, 0xffffffff)","childCount":1,"identifier":"(0x0000351d, 0x0000378a)","index":0,"name":"Default tab","parentIdentifier":"(0x000032c6, 0x00000dd9)","type":2},{"boxIdentifier":"(0xffffffff, 0xffffffff)","childCount":2,"dividerPosition":158,"identifier":"(0x000029e3, 0x000078dd)","index":0,"maxDividerPosition":212,"name":"Vertical split","parentIdentifier":"(0x0000351d, 0x0000378a)","type":4},{"boxIdentifier":"(0xffffffff, 0xffffffff)","childCount":2,"dividerPosition":69,"identifier":"(0x000016aa, 0x00003be0)","index":0,"maxDividerPosition":142,"name":"Vertical split","parentIdentifier":"(0x000029e3, 0x000078dd)","type":4},{"boxIdentifier":"(0x00005beb, 0x000017c1)","childCount":0,"identifier":"(0x000018d6, 0x000013c2)","index":1,"parentIdentifier":"(0x000029e3, 0x000078dd)","type":3},{"boxIdentifier":"(0x00004836, 0x0000326d)","childCount":0,"identifier":"(0x00004d2d, 0x000000b2)","index":0,"parentIdentifier":"(0x000016aa, 0x00003be0)","type":3},{"boxIdentifier":"(0x00007add, 0x00003eff)","childCount":0,"identifier":"(0x00002060, 0x000068dc)","index":1,"parentIdentifier":"(0x000016aa, 0x00003be0)","type":3}]</Data>
		</Entry>
	</Metadata>
</OpenViBE-Scenario>