<OpenViBE-Scenario>
	<FormatVersion>1</FormatVersion>
	<Creator>openvibe</Creator>
	<CreatorVersion>2.0</CreatorVersion>
	<Boxes>
		<Box>
			<Identifier>(0x00000f94, 0x0000209a)</Identifier>
			<Name>Display cue image</Name>
			<AlgorithmClassIdentifier>(0x005789a4, 0x3ab78a36)</AlgorithmClassIdentifier>
			<Inputs>
				<Input>
					<TypeIdentifier>(0x6f752dd0, 0x082a321e)</TypeIdentifier>
					<Name>Stimulations</Name>
				</Input>
			</Inputs>
			<Outputs>
				<Output>
					<TypeIdentifier>(0x6f752dd0, 0x082a321e)</TypeIdentifier>
					<Name>Stimulations (deprecated)</Name>
				</Output>
			</Outputs>
			<Settings>
				<Setting>
					<TypeIdentifier>(0x2cdb2f0b, 0x12f231ea)</TypeIdentifier>
					<Name>Display images in full screen</Name>
					<DefaultValue>false</DefaultValue>
					<Value>false</Value>
					<Modifiability>false</Modifiability>
				</Setting>
				<Setting>
					<TypeIdentifier>(0x2cdb2f0b, 0x12f231ea)</TypeIdentifier>
					<Name>Scale images to fit</Name>
					<DefaultValue>false</DefaultValue>
					<Value>false</Value>
					<Modifiability>false</Modifiability>
				</Setting>
				<Setting>
					<TypeIdentifier>(0x2c132d6e, 0x44ab0d97)</TypeIdentifier>
					<Name>Clear screen Stimulation</Name>
					<DefaultValue>OVTK_StimulationId_VisualStimulationStop</DefaultValue>
					<Value>OVTK_StimulationId_Label_03</Value>
					<Modifiability>false</Modifiability>
				</Setting>
				<Setting>
					<TypeIdentifier>(0x330306dd, 0x74a95f98)</TypeIdentifier>
					<Name>Cue Image 1</Name>
					<DefaultValue>${Path_Data}/plugins/simple-visualization/p300-magic-card/01.png</DefaultValue>
					<Value>${Path_Data}/plugins/simple-visualization/p300-magic-card/01.png</Value>
					<Modifiability>false</Modifiability>
				</Setting>
				<Setting>
					<TypeIdentifier>(0x2c132d6e, 0x44ab0d97)</TypeIdentifier>
					<Name>Stimulation 1</Name>
					<DefaultValue>OVTK_StimulationId_Label_01</DefaultValue>
					<Value>OVTK_StimulationId_Label_01</Value>
					<Modifiability>false</Modifiability>
				</Setting>
				<Setting>
					<TypeIdentifier>(0x330306dd, 0x74a95f98)</TypeIdentifier>
					<Name>Cue Image 2</Name>
					<DefaultValue>${Path_Data}/plugins/simple-visualization/p300-magic-card/02.png</DefaultValue>
					<Value>${Path_Data}/plugins/simple-visualization/p300-magic-card/02.png</Value>
					<Modifiability>false</Modifiability>
				</Setting>
				<Setting>
					<TypeIdentifier>(0x2c132d6e, 0x44ab0d97)</TypeIdentifier>
					<Name>Stimulation 2</Name>
					<DefaultValue>OVTK_StimulationId_Label_02</DefaultValue>
					<Value>OVTK_StimulationId_Label_02</Value>
					<Modifiability>false</Modifiability>
				</Setting>
			</Settings>
			<Attributes>
				<Attribute>
					<Identifier>(0x1fa7a38f, 0x54edbe0b)</Identifier>
					<Value>256.000000</Value>
				</Attribute>
				<Attribute>
					<Identifier>(0x1fa963f5, 0x1a638cd4)</Identifier>
					<Value>33</Value>
				</Attribute>
				<Attribute>
					<Identifier>(0x207c9054, 0x3c841b63)</Identifier>
					<Value>624.000000</Value>
				</Attribute>
				<Attribute>
					<Identifier>(0x4e7b798a, 0x183beafb)</Identifier>
					<Value>(0x18869d2c, 0x1a544d63)</Value>
				</Attribute>
				<Attribute>
					<Identifier>(0x61d11811, 0x71e65362)</Identifier>
					<Value></Value>
				</Attribute>
				<Attribute>
					<Identifier>(0xad100179, 0xa3c984ab)</Identifier>
					<Value>127</Value>
				</Attribute>
				<Attribute>
					<Identifier>(0xc46b3d00, 0x3e0454e1)</Identifier>
					<Value>(0x00000000, 0x032e05cb)</Value>
				</Attribute>
				<Attribute>
					<Identifier>(0xc67a01dc, 0x28ce06c1)</Identifier>
					<Value></Value>
				</Attribute>
				<Attribute>
					<Identifier>(0xc73e83ec, 0xf855c5bc)</Identifier>
					<Value>false</Value>
				</Attribute>
				<Attribute>
					<Identifier>(0xc80ce8af, 0xf699f813)</Identifier>
					<Value>1</Value>
				</Attribute>
				<Attribute>
					<Identifier>(0xce18836a, 0x9c0eb403)</Identifier>
					<Value>5</Value>
				</Attribute>
				<Attribute>
					<Identifier>(0xcfad85b0, 0x7c6d841c)</Identifier>
					<Value>1</Value>
				</Attribute>
			</Attributes>
		</Box>
		<Box>
			<Identifier>(0x00001596, 0x000018ff)</Identifier>
			<Name>Direct (deprecated)</Name>
			<AlgorithmClassIdentifier>(0x65731e1d, 0x47de5276)</AlgorithmClassIdentifier>
			<Inputs>
				<Input>
					<TypeIdentifier>(0x6f752dd0, 0x082a321e)</TypeIdentifier>
					<Name>Stimulation stream 1</Name>
				</Input>
			</Inputs>
			<Settings>
				<Setting>
					<TypeIdentifier>(0xa88b3667, 0x0871638c)</TypeIdentifier>
					<Name>Log level to use</Name>
					<DefaultValue>Debug</DefaultValue>
					<Value>Information</Value>
					<Modifiability>false</Modifiability>
				</Setting>
			</Settings>
			<Attributes>
				<Attribute>
					<Identifier>(0x1fa7a38f, 0x54edbe0b)</Identifier>
					<Value>368.000000</Value>
				</Attribute>
				<Attribute>
					<Identifier>(0x1fa963f5, 0x1a638cd4)</Identifier>
					<Value>43</Value>
				</Attribute>
				<Attribute>
					<Identifier>(0x207c9054, 0x3c841b63)</Identifier>
					<Value>624.000000</Value>
				</Attribute>
				<Attribute>
					<Identifier>(0x4e7b798a, 0x183beafb)</Identifier>
					<Value>(0xf451ad91, 0x14c75f86)</Value>
				</Attribute>
				<Attribute>
					<Identifier>(0xad100179, 0xa3c984ab)</Identifier>
					<Value>135</Value>
				</Attribute>
				<Attribute>
					<Identifier>(0xc46b3d00, 0x3e0454e1)</Identifier>
					<Value>(0x00000000, 0x029a5eb7)</Value>
				</Attribute>
				<Attribute>
					<Identifier>(0xce18836a, 0x9c0eb403)</Identifier>
					<Value>1</Value>
				</Attribute>
				<Attribute>
					<Identifier>(0xcfad85b0, 0x7c6d841c)</Identifier>
					<Value>1</Value>
				</Attribute>
				<Attribute>
					<Identifier>(0xfba64161, 0x65304e21)</Identifier>
					<Value></Value>
				</Attribute>
			</Attributes>
		</Box>
		<Box>
			<Identifier>(0x00001596, 0x00001900)</Identifier>
			<Name>TCP Tagging (recommended)</Name>
			<AlgorithmClassIdentifier>(0x65731e1d, 0x47de5276)</AlgorithmClassIdentifier>
			<Inputs>
				<Input>
					<TypeIdentifier>(0x6f752dd0, 0x082a321e)</TypeIdentifier>
					<Name>Stimulation stream 1</Name>
				</Input>
			</Inputs>
			<Settings>
				<Setting>
					<TypeIdentifier>(0xa88b3667, 0x0871638c)</TypeIdentifier>
					<Name>Log level to use</Name>
					<DefaultValue>Debug</DefaultValue>
					<Value>Information</Value>
					<Modifiability>false</Modifiability>
				</Setting>
			</Settings>
			<Attributes>
				<Attribute>
					<Identifier>(0x1fa7a38f, 0x54edbe0b)</Identifier>
					<Value>413.000000</Value>
				</Attribute>
				<Attribute>
					<Identifier>(0x1fa963f5, 0x1a638cd4)</Identifier>
					<Value>53</Value>
				</Attribute>
				<Attribute>
					<Identifier>(0x207c9054, 0x3c841b63)</Identifier>
					<Value>1024.000000</Value>
				</Attribute>
				<Attribute>
					<Identifier>(0x4e7b798a, 0x183beafb)</Identifier>
					<Value>(0xf451ad91, 0x14c75f86)</Value>
				</Attribute>
				<Attribute>
					<Identifier>(0xad100179, 0xa3c984ab)</Identifier>
					<Value>195</Value>
				</Attribute>
				<Attribute>
					<Identifier>(0xc46b3d00, 0x3e0454e1)</Identifier>
					<Value>(0x00000000, 0x0013879a)</Value>
				</Attribute>
				<Attribute>
					<Identifier>(0xc73e83ec, 0xf855c5bc)</Identifier>
					<Value>true</Value>
				</Attribute>
				<Attribute>
					<Identifier>(0x341d3912, 0x1478de86)</Identifier>
					<Value>1</Value>
				</Attribute>
				<Attribute>
					<Identifier>(0xce18836a, 0x9c0eb403)</Identifier>
					<Value>1</Value>
				</Attribute>
				<Attribute>
					<Identifier>(0xcfad85b0, 0x7c6d841c)</Identifier>
					<Value>1</Value>
				</Attribute>
				<Attribute>
					<Identifier>(0xfba64161, 0x65304e21)</Identifier>
					<Value></Value>
				</Attribute>
			</Attributes>
		</Box>
		<Box>
			<Identifier>(0x000039c5, 0x00003d32)</Identifier>
			<Name>Signal display</Name>
			<AlgorithmClassIdentifier>(0x0055be5f, 0x087bdd12)</AlgorithmClassIdentifier>
			<Inputs>
				<Input>
					<TypeIdentifier>(0x5ba36127, 0x195feae1)</TypeIdentifier>
					<Name>Data</Name>
				</Input>
				<Input>
					<TypeIdentifier>(0x6f752dd0, 0x082a321e)</TypeIdentifier>
					<Name>Stimulations</Name>
				</Input>
				<Input>
					<TypeIdentifier>(0x6ab26b81, 0x0f8c02f3)</TypeIdentifier>
					<Name>Channel Units</Name>
				</Input>
			</Inputs>
			<Settings>
				<Setting>
					<TypeIdentifier>(0x5de046a6, 0x086340aa)</TypeIdentifier>
					<Name>Display Mode</Name>
					<DefaultValue>Scan</DefaultValue>
					<Value>Scan</Value>
					<Modifiability>false</Modifiability>
				</Setting>
				<Setting>
					<TypeIdentifier>(0x33a30739, 0x00d5299b)</TypeIdentifier>
					<Name>Auto vertical scale</Name>
					<DefaultValue>Per channel</DefaultValue>
					<Value>Per channel</Value>
					<Modifiability>false</Modifiability>
				</Setting>
				<Setting>
					<TypeIdentifier>(0x512a166f, 0x5c3ef83f)</TypeIdentifier>
					<Name>Scale refresh interval (secs)</Name>
					<DefaultValue>5</DefaultValue>
					<Value>5</Value>
					<Modifiability>false</Modifiability>
				</Setting>
				<Setting>
					<TypeIdentifier>(0x512a166f, 0x5c3ef83f)</TypeIdentifier>
					<Name>Vertical Scale</Name>
					<DefaultValue>100</DefaultValue>
					<Value>100</Value>
					<Modifiability>false</Modifiability>
				</Setting>
				<Setting>
					<TypeIdentifier>(0x512a166f, 0x5c3ef83f)</TypeIdentifier>
					<Name>Vertical Offset</Name>
					<DefaultValue>0</DefaultValue>
					<Value>0</Value>
					<Modifiability>false</Modifiability>
				</Setting>
				<Setting>
					<TypeIdentifier>(0x512a166f, 0x5c3ef83f)</TypeIdentifier>
					<Name>Time Scale</Name>
					<DefaultValue>10</DefaultValue>
					<Value>10</Value>
					<Modifiability>false</Modifiability>
				</Setting>
				<Setting>
					<TypeIdentifier>(0x2cdb2f0b, 0x12f231ea)</TypeIdentifier>
					<Name>Bottom ruler</Name>
					<DefaultValue>true</DefaultValue>
					<Value>true</Value>
					<Modifiability>false</Modifiability>
				</Setting>
				<Setting>
					<TypeIdentifier>(0x2cdb2f0b, 0x12f231ea)</TypeIdentifier>
					<Name>Left ruler</Name>
					<DefaultValue>false</DefaultValue>
					<Value>false</Value>
					<Modifiability>false</Modifiability>
				</Setting>
				<Setting>
					<TypeIdentifier>(0x2cdb2f0b, 0x12f231ea)</TypeIdentifier>
					<Name>Multiview</Name>
					<DefaultValue>false</DefaultValue>
					<Value>false</Value>
					<Modifiability>false</Modifiability>
				</Setting>
			</Settings>
			<Attributes>
				<Attribute>
					<Identifier>(0x1fa7a38f, 0x54edbe0b)</Identifier>
					<Value>352.000000</Value>
				</Attribute>
				<Attribute>
					<Identifier>(0x1fa963f5, 0x1a638cd4)</Identifier>
					<Value>43</Value>
				</Attribute>
				<Attribute>
					<Identifier>(0x207c9054, 0x3c841b63)</Identifier>
					<Value>912.000000</Value>
				</Attribute>
				<Attribute>
					<Identifier>(0x4e7b798a, 0x183beafb)</Identifier>
					<Value>(0x92c056a7, 0x2dc71aff)</Value>
				</Attribute>
				<Attribute>
					<Identifier>(0x527ad68d, 0x16d746a0)</Identifier>
					<Value></Value>
				</Attribute>
				<Attribute>
					<Identifier>(0xad100179, 0xa3c984ab)</Identifier>
					<Value>100</Value>
				</Attribute>
				<Attribute>
					<Identifier>(0xc46b3d00, 0x3e0454e1)</Identifier>
					<Value>(0x00000000, 0x001333b9)</Value>
				</Attribute>
				<Attribute>
					<Identifier>(0xc73e83ec, 0xf855c5bc)</Identifier>
					<Value>true</Value>
				</Attribute>
				<Attribute>
					<Identifier>(0x341d3912, 0x1478de86)</Identifier>
					<Value>1</Value>
				</Attribute>
				<Attribute>
					<Identifier>(0xce18836a, 0x9c0eb403)</Identifier>
					<Value>9</Value>
				</Attribute>
				<Attribute>
					<Identifier>(0xcfad85b0, 0x7c6d841c)</Identifier>
					<Value>3</Value>
				</Attribute>
			</Attributes>
		</Box>
		<Box>
			<Identifier>(0x0000413b, 0x00007194)</Identifier>
			<Name>Keyboard stimulator</Name>
			<AlgorithmClassIdentifier>(0x00d317b9, 0x6324c3ff)</AlgorithmClassIdentifier>
			<Outputs>
				<Output>
					<TypeIdentifier>(0x6f752dd0, 0x082a321e)</TypeIdentifier>
					<Name>Outgoing Stimulations</Name>
				</Output>
			</Outputs>
			<Settings>
				<Setting>
					<TypeIdentifier>(0x330306dd, 0x74a95f98)</TypeIdentifier>
					<Name>Filename</Name>
					<DefaultValue>${Path_Data}/plugins/stimulation/simple-keyboard-to-stimulations.txt</DefaultValue>
					<Value>${Path_Data}/plugins/stimulation/simple-keyboard-to-stimulations.txt</Value>
					<Modifiability>false</Modifiability>
				</Setting>
			</Settings>
			<Attributes>
				<Attribute>
					<Identifier>(0x1fa7a38f, 0x54edbe0b)</Identifier>
					<Value>144.000000</Value>
				</Attribute>
				<Attribute>
					<Identifier>(0x1fa963f5, 0x1a638cd4)</Identifier>
					<Value>23</Value>
				</Attribute>
				<Attribute>
					<Identifier>(0x207c9054, 0x3c841b63)</Identifier>
					<Value>624.000000</Value>
				</Attribute>
				<Attribute>
					<Identifier>(0x4e7b798a, 0x183beafb)</Identifier>
					<Value>(0x8d89d3b7, 0x8339d210)</Value>
				</Attribute>
				<Attribute>
					<Identifier>(0xad100179, 0xa3c984ab)</Identifier>
					<Value>140</Value>
				</Attribute>
				<Attribute>
					<Identifier>(0xc46b3d00, 0x3e0454e1)</Identifier>
					<Value>(0x00000000, 0x01ca3a3d)</Value>
				</Attribute>
				<Attribute>
					<Identifier>(0xc80ce8af, 0xf699f813)</Identifier>
					<Value>1</Value>
				</Attribute>
				<Attribute>
					<Identifier>(0xce18836a, 0x9c0eb403)</Identifier>
					<Value>1</Value>
				</Attribute>
			</Attributes>
		</Box>
		<Box>
			<Identifier>(0x00005760, 0x000043ee)</Identifier>
			<Name>Acquisition client</Name>
			<AlgorithmClassIdentifier>(0x35d225cb, 0x3e6e3a5f)</AlgorithmClassIdentifier>
			<Outputs>
				<Output>
					<TypeIdentifier>(0x403488e7, 0x565d70b6)</TypeIdentifier>
					<Name>Experiment information</Name>
				</Output>
				<Output>
					<TypeIdentifier>(0x5ba36127, 0x195feae1)</TypeIdentifier>
					<Name>Signal stream</Name>
				</Output>
				<Output>
					<TypeIdentifier>(0x6f752dd0, 0x082a321e)</TypeIdentifier>
					<Name>Stimulations</Name>
				</Output>
				<Output>
					<TypeIdentifier>(0x013df452, 0xa3a8879a)</TypeIdentifier>
					<Name>Channel localisation</Name>
				</Output>
				<Output>
					<TypeIdentifier>(0x6ab26b81, 0x0f8c02f3)</TypeIdentifier>
					<Name>Channel units</Name>
				</Output>
			</Outputs>
			<Settings>
				<Setting>
					<TypeIdentifier>(0x79a9edeb, 0x245d83fc)</TypeIdentifier>
					<Name>Acquisition server hostname</Name>
					<DefaultValue>${AcquisitionServer_HostName}</DefaultValue>
					<Value>${AcquisitionServer_HostName}</Value>
					<Modifiability>false</Modifiability>
				</Setting>
				<Setting>
					<TypeIdentifier>(0x007deef9, 0x2f3e95c6)</TypeIdentifier>
					<Name>Acquisition server port</Name>
					<DefaultValue>1024</DefaultValue>
					<Value>1024</Value>
					<Modifiability>false</Modifiability>
				</Setting>
			</Settings>
			<Attributes>
				<Attribute>
					<Identifier>(0x1fa7a38f, 0x54edbe0b)</Identifier>
					<Value>288.000000</Value>
				</Attribute>
				<Attribute>
					<Identifier>(0x1fa963f5, 0x1a638cd4)</Identifier>
					<Value>33</Value>
				</Attribute>
				<Attribute>
					<Identifier>(0x207c9054, 0x3c841b63)</Identifier>
					<Value>944.000000</Value>
				</Attribute>
				<Attribute>
					<Identifier>(0x4e7b798a, 0x183beafb)</Identifier>
					<Value>(0x0d4656c0, 0xc95b1fa8)</Value>
				</Attribute>
				<Attribute>
					<Identifier>(0xad100179, 0xa3c984ab)</Identifier>
					<Value>121</Value>
				</Attribute>
				<Attribute>
					<Identifier>(0xc46b3d00, 0x3e0454e1)</Identifier>
					<Value>(0x00000000, 0x0012dfda)</Value>
				</Attribute>
				<Attribute>
					<Identifier>(0xc73e83ec, 0xf855c5bc)</Identifier>
					<Value>true</Value>
				</Attribute>
				<Attribute>
					<Identifier>(0x341d3912, 0x1478de86)</Identifier>
					<Value>1</Value>
				</Attribute>
				<Attribute>
					<Identifier>(0xc80ce8af, 0xf699f813)</Identifier>
					<Value>5</Value>
				</Attribute>
				<Attribute>
					<Identifier>(0xce18836a, 0x9c0eb403)</Identifier>
					<Value>2</Value>
				</Attribute>
			</Attributes>
		</Box>
	</Boxes>
	<Links>
		<Link>
			<Identifier>(0x00000c5b, 0x00000d31)</Identifier>
			<Source>
				<BoxIdentifier>(0x00005760, 0x000043ee)</BoxIdentifier>
				<BoxOutputIndex>1</BoxOutputIndex>
			</Source>
			<Target>
				<BoxIdentifier>(0x000039c5, 0x00003d32)</BoxIdentifier>
				<BoxInputIndex>0</BoxInputIndex>
			</Target>
			<Attributes>
				<Attribute>
					<Identifier>(0x1b32c44c, 0x1905e0e9)</Identifier>
					<Value>311</Value>
				</Attribute>
				<Attribute>
					<Identifier>(0x358ae8b5, 0x0f8bacd1)</Identifier>
					<Value>929</Value>
				</Attribute>
				<Attribute>
					<Identifier>(0x3f0a3b27, 0x570913d2)</Identifier>
					<Value>326</Value>
				</Attribute>
				<Attribute>
					<Identifier>(0x6267b5c5, 0x676e3e42)</Identifier>
					<Value>897</Value>
				</Attribute>
			</Attributes>
		</Link>
		<Link>
			<Identifier>(0x00003bc6, 0x00005ab0)</Identifier>
			<Source>
				<BoxIdentifier>(0x00005760, 0x000043ee)</BoxIdentifier>
				<BoxOutputIndex>2</BoxOutputIndex>
			</Source>
			<Target>
				<BoxIdentifier>(0x000039c5, 0x00003d32)</BoxIdentifier>
				<BoxInputIndex>1</BoxInputIndex>
			</Target>
			<Attributes>
				<Attribute>
					<Identifier>(0x1b32c44c, 0x1905e0e9)</Identifier>
					<Value>311</Value>
				</Attribute>
				<Attribute>
					<Identifier>(0x358ae8b5, 0x0f8bacd1)</Identifier>
					<Value>944</Value>
				</Attribute>
				<Attribute>
					<Identifier>(0x3f0a3b27, 0x570913d2)</Identifier>
					<Value>326</Value>
				</Attribute>
				<Attribute>
					<Identifier>(0x6267b5c5, 0x676e3e42)</Identifier>
					<Value>912</Value>
				</Attribute>
			</Attributes>
		</Link>
		<Link>
			<Identifier>(0x00004468, 0x000059d6)</Identifier>
			<Source>
				<BoxIdentifier>(0x00000f94, 0x0000209a)</BoxIdentifier>
				<BoxOutputIndex>0</BoxOutputIndex>
			</Source>
			<Target>
				<BoxIdentifier>(0x00001596, 0x000018ff)</BoxIdentifier>
				<BoxInputIndex>0</BoxInputIndex>
			</Target>
			<Attributes>
				<Attribute>
					<Identifier>(0x1b32c44c, 0x1905e0e9)</Identifier>
					<Value>279</Value>
				</Attribute>
				<Attribute>
					<Identifier>(0x358ae8b5, 0x0f8bacd1)</Identifier>
					<Value>624</Value>
				</Attribute>
				<Attribute>
					<Identifier>(0x3f0a3b27, 0x570913d2)</Identifier>
					<Value>342</Value>
				</Attribute>
				<Attribute>
					<Identifier>(0x6267b5c5, 0x676e3e42)</Identifier>
					<Value>624</Value>
				</Attribute>
			</Attributes>
		</Link>
		<Link>
			<Identifier>(0x000058d2, 0x00002fa9)</Identifier>
			<Source>
				<BoxIdentifier>(0x0000413b, 0x00007194)</BoxIdentifier>
				<BoxOutputIndex>0</BoxOutputIndex>
			</Source>
			<Target>
				<BoxIdentifier>(0x00000f94, 0x0000209a)</BoxIdentifier>
				<BoxInputIndex>0</BoxInputIndex>
			</Target>
			<Attributes>
				<Attribute>
					<Identifier>(0x1b32c44c, 0x1905e0e9)</Identifier>
					<Value>162</Value>
				</Attribute>
				<Attribute>
					<Identifier>(0x358ae8b5, 0x0f8bacd1)</Identifier>
					<Value>624</Value>
				</Attribute>
				<Attribute>
					<Identifier>(0x3f0a3b27, 0x570913d2)</Identifier>
					<Value>235</Value>
				</Attribute>
				<Attribute>
					<Identifier>(0x6267b5c5, 0x676e3e42)</Identifier>
					<Value>624</Value>
				</Attribute>
			</Attributes>
		</Link>
		<Link>
			<Identifier>(0x000063f2, 0x00002eeb)</Identifier>
			<Source>
				<BoxIdentifier>(0x00005760, 0x000043ee)</BoxIdentifier>
				<BoxOutputIndex>2</BoxOutputIndex>
			</Source>
			<Target>
				<BoxIdentifier>(0x00001596, 0x00001900)</BoxIdentifier>
				<BoxInputIndex>0</BoxInputIndex>
			</Target>
			<Attributes>
				<Attribute>
					<Identifier>(0x1b32c44c, 0x1905e0e9)</Identifier>
					<Value>311</Value>
				</Attribute>
				<Attribute>
					<Identifier>(0x358ae8b5, 0x0f8bacd1)</Identifier>
					<Value>944</Value>
				</Attribute>
				<Attribute>
					<Identifier>(0x3f0a3b27, 0x570913d2)</Identifier>
					<Value>382</Value>
				</Attribute>
				<Attribute>
					<Identifier>(0x6267b5c5, 0x676e3e42)</Identifier>
					<Value>1024</Value>
				</Attribute>
			</Attributes>
		</Link>
	</Links>
	<Comments>
		<Comment>
			<Identifier>(0x000061de, 0x0000796b)</Identifier>
			<Text>Credits: 

The few images flashed in this tutorial were 
created by &lt;i&gt;zcool&lt;/i&gt;, &lt;i&gt;http://www.zcool.com.cn/&lt;/i&gt;. 
Please see 'license.txt' 
in the image folder for details.</Text>
			<Attributes>
				<Attribute>
					<Identifier>(0x473d9a43, 0x97fc0a97)</Identifier>
					<Value>912.000000</Value>
				</Attribute>
				<Attribute>
					<Identifier>(0x7234b86b, 0x2b8651a5)</Identifier>
					<Value>112.000000</Value>
				</Attribute>
			</Attributes>
		</Comment>
		<Comment>
			<Identifier>(0x0000640c, 0x00004614)</Identifier>
			<Text>This scenario illustrates the use of the &lt;b&gt;Display cue image&lt;/b&gt; box.

The box can be configured to display different images when different
stimulations are received by it. Right after display, the box sends the 
stimulus also as an output, which is printed to the log by 
&lt;i&gt;Stimulation listener&lt;/i&gt; in the current scenario.

During play, when you press 'a' or 'z' with &lt;i&gt;Keyboard stimulator&lt;/i&gt;
window having focus, the cue display should display different images.
Press 'e' to clear the display.

You can right-click on the display box and select 'modify settings' 
to add more stimulus/image combinations.

For time critical applications and precise alignment to the signal, 
the Display Cue Image sends the stimulations to the Acquisition Server 
using TCP Tagging right after rendering. Reading the stimulations 
from the box output directly is not recommended.
</Text>
			<Attributes>
				<Attribute>
					<Identifier>(0x473d9a43, 0x97fc0a97)</Identifier>
					<Value>272.000000</Value>
				</Attribute>
				<Attribute>
					<Identifier>(0x7234b86b, 0x2b8651a5)</Identifier>
					<Value>208.000000</Value>
				</Attribute>
			</Attributes>
		</Comment>
		<Comment>
			<Identifier>(0x000067e0, 0x00000e43)</Identifier>
			<Text>You can browse each box' documentation by selecting the box and pressing &lt;b&gt;F1&lt;/b&gt;</Text>
			<Attributes>
				<Attribute>
					<Identifier>(0x473d9a43, 0x97fc0a97)</Identifier>
					<Value>272.000000</Value>
				</Attribute>
				<Attribute>
					<Identifier>(0x7234b86b, 0x2b8651a5)</Identifier>
					<Value>400.000000</Value>
				</Attribute>
			</Attributes>
		</Comment>
		<Comment>
			<Identifier>(0x000068a8, 0x00000f8c)</Identifier>
			<Text>Unmuting the chain below will show stimulations
as they come back from the Acquisition Server's
TCP Tagging module.</Text>
			<Attributes>
				<Attribute>
					<Identifier>(0x473d9a43, 0x97fc0a97)</Identifier>
					<Value>944.000000</Value>
				</Attribute>
				<Attribute>
					<Identifier>(0x7234b86b, 0x2b8651a5)</Identifier>
					<Value>224.000000</Value>
				</Attribute>
			</Attributes>
		</Comment>
	</Comments>
	<Metadata>
		<Entry>
			<Identifier>(0x0000775c, 0x000078ff)</Identifier>
			<Type>(0x3bcce5d2, 0x43f2d968)</Type>
			<Data>[{"boxIdentifier":"(0xffffffff, 0xffffffff)","childCount":1,"height":320,"identifier":"(0x00001c26, 0x00002268)","index":0,"name":"Default window","parentIdentifier":"(0xffffffff, 0xffffffff)","type":1,"width":480},{"boxIdentifier":"(0x0000413b, 0x00007194)","childCount":0,"identifier":"(0x00004185, 0x00006764)","index":0,"parentIdentifier":"(0xffffffff, 0xffffffff)","type":3},{"boxIdentifier":"(0x00000f94, 0x0000209a)","childCount":0,"identifier":"(0x00006aaf, 0x00005171)","index":0,"parentIdentifier":"(0xffffffff, 0xffffffff)","type":3},{"boxIdentifier":"(0x000039c5, 0x00003d32)","childCount":0,"identifier":"(0x00007dc4, 0x00002e75)","index":0,"parentIdentifier":"(0xffffffff, 0xffffffff)","type":3},{"boxIdentifier":"(0xffffffff, 0xffffffff)","childCount":1,"identifier":"(0x000042b4, 0x0000350e)","index":0,"name":"Default tab","parentIdentifier":"(0x00001c26, 0x00002268)","type":2},{"boxIdentifier":"(0xffffffff, 0xffffffff)","childCount":0,"identifier":"(0x00005ef1, 0x00002e5f)","index":0,"name":"Empty","parentIdentifier":"(0x000042b4, 0x0000350e)","type":0}]</Data>
		</Entry>
	</Metadata>
</OpenViBE-Scenario>