<OpenViBE-Scenario>
	<FormatVersion>1</FormatVersion>
	<Creator>OpenVIBE</Creator>
	<CreatorVersion>2.0</CreatorVersion>
	<Settings></Settings>
	<Inputs></Inputs>
	<Outputs></Outputs>
	<Boxes>
		<Box>
			<Identifier>(0x000002df, 0x00004ca1)</Identifier>
			<Name>Reconstructed</Name>
			<AlgorithmClassIdentifier>(0x0055be5f, 0x087bdd12)</AlgorithmClassIdentifier>
			<Inputs>
				<Input>
					<TypeIdentifier>(0x5ba36127, 0x195feae1)</TypeIdentifier>
					<Name>Data</Name>
				</Input>
				<Input>
					<TypeIdentifier>(0x6f752dd0, 0x082a321e)</TypeIdentifier>
					<Name>Stimulations</Name>
				</Input>
				<Input>
					<TypeIdentifier>(0x6ab26b81, 0x0f8c02f3)</TypeIdentifier>
					<Name>Channel Units</Name>
				</Input>
			</Inputs>
			<Settings>
				<Setting>
					<TypeIdentifier>(0x5de046a6, 0x086340aa)</TypeIdentifier>
					<Name>Display Mode</Name>
					<DefaultValue>Scan</DefaultValue>
					<Value>Scan</Value>
					<Modifiability>false</Modifiability>
				</Setting>
				<Setting>
					<TypeIdentifier>(0x33a30739, 0x00d5299b)</TypeIdentifier>
					<Name>Auto vertical scale</Name>
					<DefaultValue>Per channel</DefaultValue>
					<Value>Per channel</Value>
					<Modifiability>false</Modifiability>
				</Setting>
				<Setting>
					<TypeIdentifier>(0x512a166f, 0x5c3ef83f)</TypeIdentifier>
					<Name>Scale refresh interval (secs)</Name>
					<DefaultValue>5</DefaultValue>
					<Value>5</Value>
					<Modifiability>false</Modifiability>
				</Setting>
				<Setting>
					<TypeIdentifier>(0x512a166f, 0x5c3ef83f)</TypeIdentifier>
					<Name>Vertical Scale</Name>
					<DefaultValue>100</DefaultValue>
					<Value>100</Value>
					<Modifiability>false</Modifiability>
				</Setting>
				<Setting>
					<TypeIdentifier>(0x512a166f, 0x5c3ef83f)</TypeIdentifier>
					<Name>Vertical Offset</Name>
					<DefaultValue>0</DefaultValue>
					<Value>0</Value>
					<Modifiability>false</Modifiability>
				</Setting>
				<Setting>
					<TypeIdentifier>(0x512a166f, 0x5c3ef83f)</TypeIdentifier>
					<Name>Time Scale</Name>
					<DefaultValue>10</DefaultValue>
					<Value>10</Value>
					<Modifiability>false</Modifiability>
				</Setting>
				<Setting>
					<TypeIdentifier>(0x2cdb2f0b, 0x12f231ea)</TypeIdentifier>
					<Name>Horizontal ruler</Name>
					<DefaultValue>true</DefaultValue>
					<Value>true</Value>
					<Modifiability>false</Modifiability>
				</Setting>
				<Setting>
					<TypeIdentifier>(0x2cdb2f0b, 0x12f231ea)</TypeIdentifier>
					<Name>Vertical ruler</Name>
					<DefaultValue>false</DefaultValue>
					<Value>false</Value>
					<Modifiability>false</Modifiability>
				</Setting>
				<Setting>
					<TypeIdentifier>(0x2cdb2f0b, 0x12f231ea)</TypeIdentifier>
					<Name>Multiview</Name>
					<DefaultValue>false</DefaultValue>
					<Value>false</Value>
					<Modifiability>false</Modifiability>
				</Setting>
			</Settings>
			<Attributes>
				<Attribute>
					<Identifier>(0x1fa7a38f, 0x54edbe0b)</Identifier>
					<Value>560.000000</Value>
				</Attribute>
				<Attribute>
					<Identifier>(0x207c9054, 0x3c841b63)</Identifier>
					<Value>800.000000</Value>
				</Attribute>
				<Attribute>
					<Identifier>(0x4e7b798a, 0x183beafb)</Identifier>
					<Value>(0x92c056a7, 0x2dc71aff)</Value>
				</Attribute>
				<Attribute>
					<Identifier>(0x527ad68d, 0x16d746a0)</Identifier>
					<Value></Value>
				</Attribute>
				<Attribute>
					<Identifier>(0xc73e83ec, 0xf855c5bc)</Identifier>
					<Value>false</Value>
				</Attribute>
				<Attribute>
					<Identifier>(0xce18836a, 0x9c0eb403)</Identifier>
					<Value>9</Value>
				</Attribute>
				<Attribute>
					<Identifier>(0xcfad85b0, 0x7c6d841c)</Identifier>
					<Value>3</Value>
				</Attribute>
			</Attributes>
		</Box>
		<Box>
			<Identifier>(0x000005e4, 0x00006597)</Identifier>
			<Name>Amplitude</Name>
			<AlgorithmClassIdentifier>(0x7b0ddb65, 0xfdc51488)</AlgorithmClassIdentifier>
			<Inputs>
				<Input>
					<TypeIdentifier>(0x1f261c0a, 0x593bf6bd)</TypeIdentifier>
					<Name>Matrix</Name>
				</Input>
				<Input>
					<TypeIdentifier>(0x6f752dd0, 0x082a321e)</TypeIdentifier>
					<Name>Markers</Name>
				</Input>
			</Inputs>
			<Settings>
				<Setting>
					<TypeIdentifier>(0x330306dd, 0x74a95f98)</TypeIdentifier>
					<Name>Channel Localisation</Name>
					<DefaultValue>${AdvancedViz_ChannelLocalisation}</DefaultValue>
					<Value>${AdvancedViz_ChannelLocalisation}</Value>
					<Modifiability>false</Modifiability>
				</Setting>
				<Setting>
					<TypeIdentifier>(0x8f02e3f6, 0xffb00f4b)</TypeIdentifier>
					<Name>Temporal Coherence</Name>
					<DefaultValue>Time Locked</DefaultValue>
					<Value>Time Locked</Value>
					<Modifiability>false</Modifiability>
				</Setting>
				<Setting>
					<TypeIdentifier>(0x512a166f, 0x5c3ef83f)</TypeIdentifier>
					<Name>Time Scale</Name>
					<DefaultValue>20</DefaultValue>
					<Value>20</Value>
					<Modifiability>false</Modifiability>
				</Setting>
				<Setting>
					<TypeIdentifier>(0x007deef9, 0x2f3e95c6)</TypeIdentifier>
					<Name>Matrix Count</Name>
					<DefaultValue>50</DefaultValue>
					<Value>50</Value>
					<Modifiability>false</Modifiability>
				</Setting>
				<Setting>
					<TypeIdentifier>(0x512a166f, 0x5c3ef83f)</TypeIdentifier>
					<Name>Gain</Name>
					<DefaultValue>1</DefaultValue>
					<Value>0.1</Value>
					<Modifiability>false</Modifiability>
				</Setting>
				<Setting>
					<TypeIdentifier>(0x79a9edeb, 0x245d83fc)</TypeIdentifier>
					<Name>Caption</Name>
					<DefaultValue></DefaultValue>
					<Value></Value>
					<Modifiability>false</Modifiability>
				</Setting>
				<Setting>
					<TypeIdentifier>(0x3d3c7c7f, 0xef0e7129)</TypeIdentifier>
					<Name>Color</Name>
					<DefaultValue>${AdvancedViz_DefaultColorGradient}</DefaultValue>
					<Value>${AdvancedViz_DefaultColorGradient}</Value>
					<Modifiability>false</Modifiability>
				</Setting>
			</Settings>
			<Attributes>
				<Attribute>
					<Identifier>(0x1fa7a38f, 0x54edbe0b)</Identifier>
					<Value>400</Value>
				</Attribute>
				<Attribute>
					<Identifier>(0x207c9054, 0x3c841b63)</Identifier>
					<Value>560</Value>
				</Attribute>
				<Attribute>
					<Identifier>(0x4e7b798a, 0x183beafb)</Identifier>
					<Value>(0xafb1edd5, 0x68e1da05)</Value>
				</Attribute>
				<Attribute>
					<Identifier>(0x527ad68d, 0x16d746a0)</Identifier>
					<Value></Value>
				</Attribute>
				<Attribute>
					<Identifier>(0xce18836a, 0x9c0eb403)</Identifier>
					<Value>7</Value>
				</Attribute>
				<Attribute>
					<Identifier>(0xcfad85b0, 0x7c6d841c)</Identifier>
					<Value>2</Value>
				</Attribute>
			</Attributes>
		</Box>
		<Box>
			<Identifier>(0x000009d1, 0x00005baa)</Identifier>
			<Name>Sinus oscillator</Name>
			<AlgorithmClassIdentifier>(0x7e33bdb8, 0x68194a4a)</AlgorithmClassIdentifier>
			<Outputs>
				<Output>
					<TypeIdentifier>(0x5ba36127, 0x195feae1)</TypeIdentifier>
					<Name>Generated signal</Name>
				</Output>
			</Outputs>
			<Settings>
				<Setting>
					<TypeIdentifier>(0x007deef9, 0x2f3e95c6)</TypeIdentifier>
					<Name>Channel count</Name>
					<DefaultValue>4</DefaultValue>
					<Value>1</Value>
					<Modifiability>false</Modifiability>
				</Setting>
				<Setting>
					<TypeIdentifier>(0x007deef9, 0x2f3e95c6)</TypeIdentifier>
					<Name>Sampling frequency</Name>
					<DefaultValue>512</DefaultValue>
					<Value>256</Value>
					<Modifiability>false</Modifiability>
				</Setting>
				<Setting>
					<TypeIdentifier>(0x007deef9, 0x2f3e95c6)</TypeIdentifier>
					<Name>Generated epoch sample count</Name>
					<DefaultValue>32</DefaultValue>
					<Value>128</Value>
					<Modifiability>false</Modifiability>
				</Setting>
			</Settings>
			<Attributes>
				<Attribute>
					<Identifier>(0x1fa7a38f, 0x54edbe0b)</Identifier>
					<Value>160.000000</Value>
				</Attribute>
				<Attribute>
					<Identifier>(0x207c9054, 0x3c841b63)</Identifier>
					<Value>768.000000</Value>
				</Attribute>
				<Attribute>
					<Identifier>(0x4e7b798a, 0x183beafb)</Identifier>
					<Value>(0x0b214ed8, 0x1f9ad83a)</Value>
				</Attribute>
				<Attribute>
					<Identifier>(0xc46b3d00, 0x3e0454e1)</Identifier>
					<Value>(0x00000000, 0x013a1c38)</Value>
				</Attribute>
				<Attribute>
					<Identifier>(0xc73e83ec, 0xf855c5bc)</Identifier>
					<Value>false</Value>
				</Attribute>
				<Attribute>
					<Identifier>(0xc80ce8af, 0xf699f813)</Identifier>
					<Value>1</Value>
				</Attribute>
				<Attribute>
					<Identifier>(0xce18836a, 0x9c0eb403)</Identifier>
					<Value>3</Value>
				</Attribute>
			</Attributes>
		</Box>
		<Box>
			<Identifier>(0x00000d81, 0x00006768)</Identifier>
			<Name>IFFT box</Name>
			<AlgorithmClassIdentifier>(0xd533e997, 0x4afd2423)</AlgorithmClassIdentifier>
			<Inputs>
				<Input>
					<TypeIdentifier>(0x1f261c0a, 0x593bf6bd)</TypeIdentifier>
					<Name>real part</Name>
				</Input>
				<Input>
					<TypeIdentifier>(0x1f261c0a, 0x593bf6bd)</TypeIdentifier>
					<Name>imaginary part</Name>
				</Input>
			</Inputs>
			<Outputs>
				<Output>
					<TypeIdentifier>(0x5ba36127, 0x195feae1)</TypeIdentifier>
					<Name>Signal output</Name>
				</Output>
			</Outputs>
			<Attributes>
				<Attribute>
					<Identifier>(0x1fa7a38f, 0x54edbe0b)</Identifier>
					<Value>464.000000</Value>
				</Attribute>
				<Attribute>
					<Identifier>(0x207c9054, 0x3c841b63)</Identifier>
					<Value>784.000000</Value>
				</Attribute>
				<Attribute>
					<Identifier>(0x4e7b798a, 0x183beafb)</Identifier>
					<Value>(0x9e5c01e9, 0xe6051e24)</Value>
				</Attribute>
				<Attribute>
					<Identifier>(0xc46b3d00, 0x3e0454e1)</Identifier>
					<Value>(0x00000000, 0x378ea7ca)</Value>
				</Attribute>
				<Attribute>
					<Identifier>(0xc73e83ec, 0xf855c5bc)</Identifier>
					<Value>false</Value>
				</Attribute>
				<Attribute>
					<Identifier>(0xc80ce8af, 0xf699f813)</Identifier>
					<Value>1</Value>
				</Attribute>
				<Attribute>
					<Identifier>(0xcfad85b0, 0x7c6d841c)</Identifier>
					<Value>2</Value>
				</Attribute>
			</Attributes>
		</Box>
		<Box>
			<Identifier>(0x00002fc6, 0x000073a3)</Identifier>
			<Name>Phase</Name>
			<AlgorithmClassIdentifier>(0x7b0ddb65, 0xfdc51488)</AlgorithmClassIdentifier>
			<Inputs>
				<Input>
					<TypeIdentifier>(0x1f261c0a, 0x593bf6bd)</TypeIdentifier>
					<Name>Matrix</Name>
				</Input>
				<Input>
					<TypeIdentifier>(0x6f752dd0, 0x082a321e)</TypeIdentifier>
					<Name>Markers</Name>
				</Input>
			</Inputs>
			<Settings>
				<Setting>
					<TypeIdentifier>(0x330306dd, 0x74a95f98)</TypeIdentifier>
					<Name>Channel Localisation</Name>
					<DefaultValue>${AdvancedViz_ChannelLocalisation}</DefaultValue>
					<Value>${AdvancedViz_ChannelLocalisation}</Value>
					<Modifiability>false</Modifiability>
				</Setting>
				<Setting>
					<TypeIdentifier>(0x8f02e3f6, 0xffb00f4b)</TypeIdentifier>
					<Name>Temporal Coherence</Name>
					<DefaultValue>Time Locked</DefaultValue>
					<Value>Time Locked</Value>
					<Modifiability>false</Modifiability>
				</Setting>
				<Setting>
					<TypeIdentifier>(0x512a166f, 0x5c3ef83f)</TypeIdentifier>
					<Name>Time Scale</Name>
					<DefaultValue>20</DefaultValue>
					<Value>20</Value>
					<Modifiability>false</Modifiability>
				</Setting>
				<Setting>
					<TypeIdentifier>(0x007deef9, 0x2f3e95c6)</TypeIdentifier>
					<Name>Matrix Count</Name>
					<DefaultValue>50</DefaultValue>
					<Value>50</Value>
					<Modifiability>false</Modifiability>
				</Setting>
				<Setting>
					<TypeIdentifier>(0x512a166f, 0x5c3ef83f)</TypeIdentifier>
					<Name>Gain</Name>
					<DefaultValue>1</DefaultValue>
					<Value>1</Value>
					<Modifiability>false</Modifiability>
				</Setting>
				<Setting>
					<TypeIdentifier>(0x79a9edeb, 0x245d83fc)</TypeIdentifier>
					<Name>Caption</Name>
					<DefaultValue></DefaultValue>
					<Value></Value>
					<Modifiability>false</Modifiability>
				</Setting>
				<Setting>
					<TypeIdentifier>(0x3d3c7c7f, 0xef0e7129)</TypeIdentifier>
					<Name>Color</Name>
					<DefaultValue>${AdvancedViz_DefaultColorGradient}</DefaultValue>
					<Value>${AdvancedViz_DefaultColorGradient}</Value>
					<Modifiability>false</Modifiability>
				</Setting>
			</Settings>
			<Attributes>
				<Attribute>
					<Identifier>(0x1fa7a38f, 0x54edbe0b)</Identifier>
					<Value>400</Value>
				</Attribute>
				<Attribute>
					<Identifier>(0x207c9054, 0x3c841b63)</Identifier>
					<Value>688</Value>
				</Attribute>
				<Attribute>
					<Identifier>(0x4e7b798a, 0x183beafb)</Identifier>
					<Value>(0xafb1edd5, 0x68e1da05)</Value>
				</Attribute>
				<Attribute>
					<Identifier>(0x527ad68d, 0x16d746a0)</Identifier>
					<Value></Value>
				</Attribute>
				<Attribute>
					<Identifier>(0xce18836a, 0x9c0eb403)</Identifier>
					<Value>7</Value>
				</Attribute>
				<Attribute>
					<Identifier>(0xcfad85b0, 0x7c6d841c)</Identifier>
					<Value>2</Value>
				</Attribute>
			</Attributes>
		</Box>
		<Box>
			<Identifier>(0x00004b02, 0x00001fdd)</Identifier>
			<Name>Spectral analysis</Name>
			<AlgorithmClassIdentifier>(0x84218ff8, 0xa87e7995)</AlgorithmClassIdentifier>
			<Inputs>
				<Input>
					<TypeIdentifier>(0x5ba36127, 0x195feae1)</TypeIdentifier>
					<Name>Input signal</Name>
				</Input>
			</Inputs>
			<Outputs>
				<Output>
					<TypeIdentifier>(0x1f261c0a, 0x593bf6bd)</TypeIdentifier>
					<Name>Amplitude</Name>
				</Output>
				<Output>
					<TypeIdentifier>(0x1f261c0a, 0x593bf6bd)</TypeIdentifier>
					<Name>Phase</Name>
				</Output>
				<Output>
					<TypeIdentifier>(0x1f261c0a, 0x593bf6bd)</TypeIdentifier>
					<Name>Real Part</Name>
				</Output>
				<Output>
					<TypeIdentifier>(0x1f261c0a, 0x593bf6bd)</TypeIdentifier>
					<Name>Imag Part</Name>
				</Output>
			</Outputs>
			<Settings>
				<Setting>
					<TypeIdentifier>(0x2cdb2f0b, 0x12f231ea)</TypeIdentifier>
					<Name>Amplitude</Name>
					<DefaultValue>true</DefaultValue>
					<Value>true</Value>
					<Modifiability>false</Modifiability>
				</Setting>
				<Setting>
					<TypeIdentifier>(0x2cdb2f0b, 0x12f231ea)</TypeIdentifier>
					<Name>Phase</Name>
					<DefaultValue>false</DefaultValue>
					<Value>true</Value>
					<Modifiability>false</Modifiability>
				</Setting>
				<Setting>
					<TypeIdentifier>(0x2cdb2f0b, 0x12f231ea)</TypeIdentifier>
					<Name>Real Part</Name>
					<DefaultValue>false</DefaultValue>
					<Value>true</Value>
					<Modifiability>false</Modifiability>
				</Setting>
				<Setting>
					<TypeIdentifier>(0x2cdb2f0b, 0x12f231ea)</TypeIdentifier>
					<Name>Imaginary Part</Name>
					<DefaultValue>false</DefaultValue>
					<Value>true</Value>
					<Modifiability>false</Modifiability>
				</Setting>
			</Settings>
			<Attributes>
				<Attribute>
					<Identifier>(0x1fa7a38f, 0x54edbe0b)</Identifier>
					<Value>256.000000</Value>
				</Attribute>
				<Attribute>
					<Identifier>(0x207c9054, 0x3c841b63)</Identifier>
					<Value>768.000000</Value>
				</Attribute>
				<Attribute>
					<Identifier>(0x4e7b798a, 0x183beafb)</Identifier>
					<Value>(0x4e5c55a0, 0xe69eb7db)</Value>
				</Attribute>
				<Attribute>
					<Identifier>(0xc46b3d00, 0x3e0454e1)</Identifier>
					<Value>(0x00000000, 0x3a916194)</Value>
				</Attribute>
				<Attribute>
					<Identifier>(0xc73e83ec, 0xf855c5bc)</Identifier>
					<Value>false</Value>
				</Attribute>
				<Attribute>
					<Identifier>(0xc80ce8af, 0xf699f813)</Identifier>
					<Value>4</Value>
				</Attribute>
				<Attribute>
					<Identifier>(0xce18836a, 0x9c0eb403)</Identifier>
					<Value>1</Value>
				</Attribute>
				<Attribute>
					<Identifier>(0xcfad85b0, 0x7c6d841c)</Identifier>
					<Value>1</Value>
				</Attribute>
			</Attributes>
		</Box>
		<Box>
			<Identifier>(0x000051d7, 0x00000db5)</Identifier>
			<Name>Original</Name>
			<AlgorithmClassIdentifier>(0x0055be5f, 0x087bdd12)</AlgorithmClassIdentifier>
			<Inputs>
				<Input>
					<TypeIdentifier>(0x5ba36127, 0x195feae1)</TypeIdentifier>
					<Name>Data</Name>
				</Input>
				<Input>
					<TypeIdentifier>(0x6f752dd0, 0x082a321e)</TypeIdentifier>
					<Name>Stimulations</Name>
				</Input>
				<Input>
					<TypeIdentifier>(0x6ab26b81, 0x0f8c02f3)</TypeIdentifier>
					<Name>Channel Units</Name>
				</Input>
			</Inputs>
			<Settings>
				<Setting>
					<TypeIdentifier>(0x5de046a6, 0x086340aa)</TypeIdentifier>
					<Name>Display Mode</Name>
					<DefaultValue>Scan</DefaultValue>
					<Value>Scan</Value>
					<Modifiability>false</Modifiability>
				</Setting>
				<Setting>
					<TypeIdentifier>(0x33a30739, 0x00d5299b)</TypeIdentifier>
					<Name>Auto vertical scale</Name>
					<DefaultValue>Per channel</DefaultValue>
					<Value>Per channel</Value>
					<Modifiability>false</Modifiability>
				</Setting>
				<Setting>
					<TypeIdentifier>(0x512a166f, 0x5c3ef83f)</TypeIdentifier>
					<Name>Scale refresh interval (secs)</Name>
					<DefaultValue>5</DefaultValue>
					<Value>5</Value>
					<Modifiability>false</Modifiability>
				</Setting>
				<Setting>
					<TypeIdentifier>(0x512a166f, 0x5c3ef83f)</TypeIdentifier>
					<Name>Vertical Scale</Name>
					<DefaultValue>100</DefaultValue>
					<Value>100</Value>
					<Modifiability>false</Modifiability>
				</Setting>
				<Setting>
					<TypeIdentifier>(0x512a166f, 0x5c3ef83f)</TypeIdentifier>
					<Name>Vertical Offset</Name>
					<DefaultValue>0</DefaultValue>
					<Value>0</Value>
					<Modifiability>false</Modifiability>
				</Setting>
				<Setting>
					<TypeIdentifier>(0x512a166f, 0x5c3ef83f)</TypeIdentifier>
					<Name>Time Scale</Name>
					<DefaultValue>10</DefaultValue>
					<Value>10</Value>
					<Modifiability>false</Modifiability>
				</Setting>
				<Setting>
					<TypeIdentifier>(0x2cdb2f0b, 0x12f231ea)</TypeIdentifier>
					<Name>Horizontal ruler</Name>
					<DefaultValue>true</DefaultValue>
					<Value>true</Value>
					<Modifiability>false</Modifiability>
				</Setting>
				<Setting>
					<TypeIdentifier>(0x2cdb2f0b, 0x12f231ea)</TypeIdentifier>
					<Name>Vertical ruler</Name>
					<DefaultValue>false</DefaultValue>
					<Value>false</Value>
					<Modifiability>false</Modifiability>
				</Setting>
				<Setting>
					<TypeIdentifier>(0x2cdb2f0b, 0x12f231ea)</TypeIdentifier>
					<Name>Multiview</Name>
					<DefaultValue>false</DefaultValue>
					<Value>false</Value>
					<Modifiability>false</Modifiability>
				</Setting>
			</Settings>
			<Attributes>
				<Attribute>
					<Identifier>(0x1fa7a38f, 0x54edbe0b)</Identifier>
					<Value>256.000000</Value>
				</Attribute>
				<Attribute>
					<Identifier>(0x207c9054, 0x3c841b63)</Identifier>
					<Value>576.000000</Value>
				</Attribute>
				<Attribute>
					<Identifier>(0x4e7b798a, 0x183beafb)</Identifier>
					<Value>(0x92c056a7, 0x2dc71aff)</Value>
				</Attribute>
				<Attribute>
					<Identifier>(0x527ad68d, 0x16d746a0)</Identifier>
					<Value></Value>
				</Attribute>
				<Attribute>
					<Identifier>(0xc73e83ec, 0xf855c5bc)</Identifier>
					<Value>false</Value>
				</Attribute>
				<Attribute>
					<Identifier>(0xce18836a, 0x9c0eb403)</Identifier>
					<Value>9</Value>
				</Attribute>
				<Attribute>
					<Identifier>(0xcfad85b0, 0x7c6d841c)</Identifier>
					<Value>3</Value>
				</Attribute>
			</Attributes>
		</Box>
	</Boxes>
	<Links>
		<Link>
			<Identifier>(0x000011ae, 0x00002344)</Identifier>
			<Source>
				<BoxIdentifier>(0x00004b02, 0x00001fdd)</BoxIdentifier>
				<BoxOutputIndex>1</BoxOutputIndex>
			</Source>
			<Target>
				<BoxIdentifier>(0x00002fc6, 0x000073a3)</BoxIdentifier>
				<BoxInputIndex>0</BoxInputIndex>
			</Target>
		</Link>
		<Link>
			<Identifier>(0x00002717, 0x00002653)</Identifier>
			<Source>
				<BoxIdentifier>(0x00004b02, 0x00001fdd)</BoxIdentifier>
				<BoxOutputIndex>2</BoxOutputIndex>
			</Source>
			<Target>
				<BoxIdentifier>(0x00000d81, 0x00006768)</BoxIdentifier>
				<BoxInputIndex>0</BoxInputIndex>
			</Target>
		</Link>
		<Link>
			<Identifier>(0x00003b98, 0x00007502)</Identifier>
			<Source>
				<BoxIdentifier>(0x00004b02, 0x00001fdd)</BoxIdentifier>
				<BoxOutputIndex>3</BoxOutputIndex>
			</Source>
			<Target>
				<BoxIdentifier>(0x00000d81, 0x00006768)</BoxIdentifier>
				<BoxInputIndex>1</BoxInputIndex>
			</Target>
		</Link>
		<Link>
			<Identifier>(0x0000501d, 0x0000052c)</Identifier>
			<Source>
				<BoxIdentifier>(0x000009d1, 0x00005baa)</BoxIdentifier>
				<BoxOutputIndex>0</BoxOutputIndex>
			</Source>
			<Target>
				<BoxIdentifier>(0x00004b02, 0x00001fdd)</BoxIdentifier>
				<BoxInputIndex>0</BoxInputIndex>
			</Target>
		</Link>
		<Link>
			<Identifier>(0x000063c7, 0x00005015)</Identifier>
			<Source>
				<BoxIdentifier>(0x00000d81, 0x00006768)</BoxIdentifier>
				<BoxOutputIndex>0</BoxOutputIndex>
			</Source>
			<Target>
				<BoxIdentifier>(0x000002df, 0x00004ca1)</BoxIdentifier>
				<BoxInputIndex>0</BoxInputIndex>
			</Target>
		</Link>
		<Link>
			<Identifier>(0x0000688a, 0x00001068)</Identifier>
			<Source>
				<BoxIdentifier>(0x000009d1, 0x00005baa)</BoxIdentifier>
				<BoxOutputIndex>0</BoxOutputIndex>
			</Source>
			<Target>
				<BoxIdentifier>(0x000051d7, 0x00000db5)</BoxIdentifier>
				<BoxInputIndex>0</BoxInputIndex>
			</Target>
		</Link>
		<Link>
			<Identifier>(0x00006c16, 0x00004c37)</Identifier>
			<Source>
				<BoxIdentifier>(0x00004b02, 0x00001fdd)</BoxIdentifier>
				<BoxOutputIndex>0</BoxOutputIndex>
			</Source>
			<Target>
				<BoxIdentifier>(0x000005e4, 0x00006597)</BoxIdentifier>
				<BoxInputIndex>0</BoxInputIndex>
			</Target>
		</Link>
	</Links>
	<Comments>
		<Comment>
			<Identifier>(0x00002920, 0x00007fea)</Identifier>
			<Text>The reconstructed signal should 
equal the original one 
</Text>
			<Attributes>
				<Attribute>
					<Identifier>(0x473d9a43, 0x97fc0a97)</Identifier>
					<Value>1104.000000</Value>
				</Attribute>
				<Attribute>
					<Identifier>(0x7234b86b, 0x2b8651a5)</Identifier>
					<Value>498.000000</Value>
				</Attribute>
			</Attributes>
		</Comment>
		<Comment>
			<Identifier>(0x00006544, 0x00006793)</Identifier>
			<Text>A signal is decomposed by Fast Fourier Transform</Text>
			<Attributes>
				<Attribute>
					<Identifier>(0x473d9a43, 0x97fc0a97)</Identifier>
					<Value>1104.000000</Value>
				</Attribute>
				<Attribute>
					<Identifier>(0x7234b86b, 0x2b8651a5)</Identifier>
					<Value>256.000000</Value>
				</Attribute>
			</Attributes>
		</Comment>
		<Comment>
			<Identifier>(0x00006c55, 0x00000be7)</Identifier>
			<Text>At this stage the signals are in Fourier space 
transmitted in the Spectrum stream format using 
one stream for real and one for imaginary part</Text>
			<Attributes>
				<Attribute>
					<Identifier>(0x473d9a43, 0x97fc0a97)</Identifier>
					<Value>1104.000000</Value>
				</Attribute>
				<Attribute>
					<Identifier>(0x7234b86b, 0x2b8651a5)</Identifier>
					<Value>377.000000</Value>
				</Attribute>
			</Attributes>
		</Comment>
	</Comments>
	<Metadata>
		<Entry>
			<Identifier>(0x0000775c, 0x000078ff)</Identifier>
			<Type>(0x3bcce5d2, 0x43f2d968)</Type>
			<Data>[{"boxIdentifier":"(0xffffffff, 0xffffffff)","childCount":1,"height":320,"identifier":"(0x00003f5d, 0x000063e0)","name":"Default window","parentIdentifier":"(0xffffffff, 0xffffffff)","type":1,"width":475},{"boxIdentifier":"(0xffffffff, 0xffffffff)","childCount":1,"identifier":"(0x0000498b, 0x00003981)","index":0,"name":"Default tab","parentIdentifier":"(0x00003f5d, 0x000063e0)","type":2},{"boxIdentifier":"(0xffffffff, 0xffffffff)","childCount":2,"dividerPosition":228,"identifier":"(0x00007431, 0x00007d23)","index":0,"maxDividerPosition":275,"name":"Vertical split","parentIdentifier":"(0x0000498b, 0x00003981)","type":4},{"boxIdentifier":"(0xffffffff, 0xffffffff)","childCount":2,"dividerPosition":158,"identifier":"(0x000025c1, 0x00006774)","index":0,"maxDividerPosition":212,"name":"Vertical split","parentIdentifier":"(0x00007431, 0x00007d23)","type":4},{"boxIdentifier":"(0x000002df, 0x00004ca1)","childCount":0,"identifier":"(0x0000293c, 0x000050be)","index":1,"parentIdentifier":"(0x00007431, 0x00007d23)","type":3},{"boxIdentifier":"(0xffffffff, 0xffffffff)","childCount":2,"dividerPosition":69,"identifier":"(0x00007b2e, 0x00005e1f)","index":0,"maxDividerPosition":142,"name":"Vertical split","parentIdentifier":"(0x000025c1, 0x00006774)","type":4},{"boxIdentifier":"(0x00002fc6, 0x000073a3)","childCount":0,"identifier":"(0x00001fb9, 0x00004ce1)","index":1,"parentIdentifier":"(0x000025c1, 0x00006774)","type":3},{"boxIdentifier":"(0x000051d7, 0x00000db5)","childCount":0,"identifier":"(0x00007d91, 0x0000288c)","index":0,"parentIdentifier":"(0x00007b2e, 0x00005e1f)","type":3},{"boxIdentifier":"(0x000005e4, 0x00006597)","childCount":0,"identifier":"(0x00001fb4, 0x0000332d)","index":1,"parentIdentifier":"(0x00007b2e, 0x00005e1f)","type":3}]</Data>
		</Entry>
	</Metadata>
	<Attributes>
		<Attribute>
			<Identifier>(0x790d75b8, 0x3bb90c33)</Identifier>
			<Value>Jussi T. Lindgren / Inria</Value>
		</Attribute>
		<Attribute>
			<Identifier>(0x8c1fc55b, 0x7b433dc2)</Identifier>
			<Value>1.0</Value>
		</Attribute>
		<Attribute>
			<Identifier>(0x9f5c4075, 0x4a0d3666)</Identifier>
			<Value>FFT Decomposition</Value>
		</Attribute>
		<Attribute>
			<Identifier>(0xf36a1567, 0xd13c53da)</Identifier>
			<Value></Value>
		</Attribute>
		<Attribute>
			<Identifier>(0xf6b2e3fa, 0x7bd43926)</Identifier>
			<Value></Value>
		</Attribute>
		<Attribute>
			<Identifier>(0xf8034a49, 0x8b3f37cc)</Identifier>
			<Value></Value>
		</Attribute>
	</Attributes>
</OpenViBE-Scenario>
