<OpenViBE-Scenario>
	<FormatVersion>1</FormatVersion>
	<Creator>openvibe</Creator>
	<CreatorVersion>2.0</CreatorVersion>
	<Boxes>
		<Box>
			<Identifier>(0x00002e59, 0x00005225)</Identifier>
			<Name>Modifiable Settings example</Name>
			<AlgorithmClassIdentifier>(0x4ab0dd05, 0x32155d41)</AlgorithmClassIdentifier>
			<Settings>
				<Setting>
					<TypeIdentifier>(0x007deef9, 0x2f3e95c6)</TypeIdentifier>
					<Name>Int</Name>
					<DefaultValue>1</DefaultValue>
					<Value>1</Value>
					<Modifiability>true</Modifiability>
				</Setting>
				<Setting>
					<TypeIdentifier>(0x512a166f, 0x5c3ef83f)</TypeIdentifier>
					<Name>Float</Name>
					<DefaultValue>1.3</DefaultValue>
					<Value>1.3</Value>
					<Modifiability>true</Modifiability>
				</Setting>
				<Setting>
					<TypeIdentifier>(0x2cdb2f0b, 0x12f231ea)</TypeIdentifier>
					<Name>Bool</Name>
					<DefaultValue>false</DefaultValue>
					<Value>false</Value>
					<Modifiability>true</Modifiability>
				</Setting>
				<Setting>
					<TypeIdentifier>(0x79a9edeb, 0x245d83fc)</TypeIdentifier>
					<Name>String</Name>
					<DefaultValue>string</DefaultValue>
					<Value>string</Value>
					<Modifiability>true</Modifiability>
				</Setting>
				<Setting>
					<TypeIdentifier>(0x330306dd, 0x74a95f98)</TypeIdentifier>
					<Name>filename</Name>
					<DefaultValue>somefile.txt</DefaultValue>
					<Value>somefile.txt</Value>
					<Modifiability>true</Modifiability>
				</Setting>
				<Setting>
					<TypeIdentifier>(0xb0d0db45, 0x49cbc34a)</TypeIdentifier>
					<Name>script</Name>
					<DefaultValue>somescript.lua</DefaultValue>
					<Value>somescript.lua</Value>
					<Modifiability>true</Modifiability>
				</Setting>
				<Setting>
					<TypeIdentifier>(0x7f45a2a9, 0x7db12219)</TypeIdentifier>
					<Name>color</Name>
					<DefaultValue>20,65,90</DefaultValue>
					<Value>20,65,90</Value>
					<Modifiability>true</Modifiability>
				</Setting>
				<Setting>
					<TypeIdentifier>(0x3d3c7c7f, 0xef0e7129)</TypeIdentifier>
					<Name>colorgradient</Name>
					<DefaultValue>0:0,0,0; 100:60,40,40</DefaultValue>
					<Value>0:0,0,0; 100:60,40,40</Value>
					<Modifiability>true</Modifiability>
				</Setting>
				<Setting>
					<TypeIdentifier>(0x2f3563a4, 0x571e194d)</TypeIdentifier>
					<Name>unit</Name>
					<DefaultValue>V</DefaultValue>
					<Value>V</Value>
					<Modifiability>true</Modifiability>
				</Setting>
				<Setting>
					<TypeIdentifier>(0x501f79fa, 0x7e1f6680)</TypeIdentifier>
					<Name>factor</Name>
					<DefaultValue>1e-01</DefaultValue>
					<Value>1e-01</Value>
					<Modifiability>true</Modifiability>
				</Setting>
			</Settings>
			<Attributes>
				<Attribute>
					<Identifier>(0x1fa7a38f, 0x54edbe0b)</Identifier>
					<Value>144.000000</Value>
				</Attribute>
				<Attribute>
					<Identifier>(0x1fa963f5, 0x1a638cd4)</Identifier>
					<Value>38</Value>
				</Attribute>
				<Attribute>
					<Identifier>(0x207c9054, 0x3c841b63)</Identifier>
					<Value>432.000000</Value>
				</Attribute>
				<Attribute>
					<Identifier>(0x4e7b798a, 0x183beafb)</Identifier>
					<Value>(0x905adcea, 0xd88c907d)</Value>
				</Attribute>
				<Attribute>
					<Identifier>(0xad100179, 0xa3c984ab)</Identifier>
					<Value>222</Value>
				</Attribute>
				<Attribute>
					<Identifier>(0xc67a01dc, 0x28ce06c1)</Identifier>
					<Value></Value>
				</Attribute>
				<Attribute>
					<Identifier>(0xc73e83ec, 0xf855c5bc)</Identifier>
					<Value>false</Value>
				</Attribute>
				<Attribute>
					<Identifier>(0xce18836a, 0x9c0eb403)</Identifier>
					<Value>10</Value>
				</Attribute>
			</Attributes>
		</Box>
	</Boxes>
	<Links></Links>
	<Comments>
		<Comment>
			<Identifier>(0x00004034, 0x00002caa)</Identifier>
			<Text>This box has a setting of each type and each is
 marked as a modifiable parameter. It means
 that during run, a widget will appear where
 you can modify the value of these settings. As 
you do that, you will notice that the 
values displayed in the log (every 5 seconds)
chanfes accordingly.</Text>
			<Attributes>
				<Attribute>
					<Identifier>(0x473d9a43, 0x97fc0a97)</Identifier>
					<Value>112</Value>
				</Attribute>
				<Attribute>
					<Identifier>(0x7234b86b, 0x2b8651a5)</Identifier>
					<Value>144</Value>
				</Attribute>
			</Attributes>
		</Comment>
	</Comments>
	<Metadata>
		<Entry>
			<Identifier>(0x0000775c, 0x000078ff)</Identifier>
			<Type>(0x3bcce5d2, 0x43f2d968)</Type>
			<Data>[{"boxIdentifier":"(0xffffffff, 0xffffffff)","childCount":1,"height":477,"identifier":"(0x00002cca, 0x000017dc)","index":0,"name":"Default window","parentIdentifier":"(0xffffffff, 0xffffffff)","type":1,"width":614},{"boxIdentifier":"(0xffffffff, 0xffffffff)","childCount":1,"identifier":"(0x00002075, 0x000044ac)","index":0,"name":"config","parentIdentifier":"(0x00002cca, 0x000017dc)","type":2},{"boxIdentifier":"(0x00002e59, 0x00005225)","childCount":0,"identifier":"(0x0000463a, 0x00002105)","index":0,"parentIdentifier":"(0x00002075, 0x000044ac)","type":3}]</Data>
		</Entry>
	</Metadata>
	<Attributes>
		<Attribute>
			<Identifier>(0x790d75b8, 0x3bb90c33)</Identifier>
			<Value>Loic Mahe</Value>
		</Attribute>
		<Attribute>
			<Identifier>(0x8c1fc55b, 0x7b433dc2)</Identifier>
			<Value>1.0</Value>
		</Attribute>
		<Attribute>
			<Identifier>(0x9f5c4075, 0x4a0d3666)</Identifier>
			<Value>Modifiable Settings example</Value>
		</Attribute>
		<Attribute>
			<Identifier>(0xf36a1567, 0xd13c53da)</Identifier>
			<Value>http://openvibe.inria.fr/modifiable-box-settings/</Value>
		</Attribute>
		<Attribute>
			<Identifier>(0xf6b2e3fa, 0x7bd43926)</Identifier>
			<Value>box-tutorials</Value>
		</Attribute>
		<Attribute>
			<Identifier>(0xf8034a49, 0x8b3f37cc)</Identifier>
			<Value>Inria</Value>
		</Attribute>
	</Attributes>
</OpenViBE-Scenario>