<OpenViBE-Scenario>
	<FormatVersion>1</FormatVersion>
	<Creator>openvibe</Creator>
	<CreatorVersion>2.0</CreatorVersion>
	<Boxes>
		<Box>
			<Identifier>(0x000013b7, 0x00000e7c)</Identifier>
			<Name>Signal Merger</Name>
			<AlgorithmClassIdentifier>(0x4bf9326f, 0x75603102)</AlgorithmClassIdentifier>
			<Inputs>
				<Input>
					<TypeIdentifier>(0x5ba36127, 0x195feae1)</TypeIdentifier>
					<Name>Input 1</Name>
				</Input>
				<Input>
					<TypeIdentifier>(0x5ba36127, 0x195feae1)</TypeIdentifier>
					<Name>Input 2</Name>
				</Input>
			</Inputs>
			<Outputs>
				<Output>
					<TypeIdentifier>(0x5ba36127, 0x195feae1)</TypeIdentifier>
					<Name>Merged</Name>
				</Output>
			</Outputs>
			<Attributes>
				<Attribute>
					<Identifier>(0x1fa7a38f, 0x54edbe0b)</Identifier>
					<Value>224.000000</Value>
				</Attribute>
				<Attribute>
					<Identifier>(0x1fa963f5, 0x1a638cd4)</Identifier>
					<Value>38</Value>
				</Attribute>
				<Attribute>
					<Identifier>(0x207c9054, 0x3c841b63)</Identifier>
					<Value>208.000000</Value>
				</Attribute>
				<Attribute>
					<Identifier>(0x4e7b798a, 0x183beafb)</Identifier>
					<Value>(0x990c5a68, 0x0d4024a3)</Value>
				</Attribute>
				<Attribute>
					<Identifier>(0xad100179, 0xa3c984ab)</Identifier>
					<Value>98</Value>
				</Attribute>
				<Attribute>
					<Identifier>(0xc46b3d00, 0x3e0454e1)</Identifier>
					<Value>(0x00000000, 0x005bbd61)</Value>
				</Attribute>
				<Attribute>
					<Identifier>(0xc80ce8af, 0xf699f813)</Identifier>
					<Value>1</Value>
				</Attribute>
				<Attribute>
					<Identifier>(0xcfad85b0, 0x7c6d841c)</Identifier>
					<Value>2</Value>
				</Attribute>
				<Attribute>
					<Identifier>(0xfba64161, 0x65304e21)</Identifier>
					<Value></Value>
				</Attribute>
			</Attributes>
		</Box>
		<Box>
			<Identifier>(0x00001929, 0x0000100f)</Identifier>
			<Name>Signal display</Name>
			<AlgorithmClassIdentifier>(0x0055be5f, 0x087bdd12)</AlgorithmClassIdentifier>
			<Inputs>
				<Input>
					<TypeIdentifier>(0x5ba36127, 0x195feae1)</TypeIdentifier>
					<Name>Data</Name>
				</Input>
				<Input>
					<TypeIdentifier>(0x6f752dd0, 0x082a321e)</TypeIdentifier>
					<Name>Stimulations</Name>
				</Input>
				<Input>
					<TypeIdentifier>(0x6ab26b81, 0x0f8c02f3)</TypeIdentifier>
					<Name>Channel Units</Name>
				</Input>
			</Inputs>
			<Settings>
				<Setting>
					<TypeIdentifier>(0x5de046a6, 0x086340aa)</TypeIdentifier>
					<Name>Display Mode</Name>
					<DefaultValue>Scan</DefaultValue>
					<Value>Scan</Value>
					<Modifiability>false</Modifiability>
				</Setting>
				<Setting>
					<TypeIdentifier>(0x33a30739, 0x00d5299b)</TypeIdentifier>
					<Name>Auto vertical scale</Name>
					<DefaultValue>Per channel</DefaultValue>
					<Value>Per channel</Value>
					<Modifiability>false</Modifiability>
				</Setting>
				<Setting>
					<TypeIdentifier>(0x512a166f, 0x5c3ef83f)</TypeIdentifier>
					<Name>Scale refresh interval (secs)</Name>
					<DefaultValue>5</DefaultValue>
					<Value>5</Value>
					<Modifiability>false</Modifiability>
				</Setting>
				<Setting>
					<TypeIdentifier>(0x512a166f, 0x5c3ef83f)</TypeIdentifier>
					<Name>Vertical Scale</Name>
					<DefaultValue>100</DefaultValue>
					<Value>100</Value>
					<Modifiability>false</Modifiability>
				</Setting>
				<Setting>
					<TypeIdentifier>(0x512a166f, 0x5c3ef83f)</TypeIdentifier>
					<Name>Vertical Offset</Name>
					<DefaultValue>0</DefaultValue>
					<Value>0</Value>
					<Modifiability>false</Modifiability>
				</Setting>
				<Setting>
					<TypeIdentifier>(0x512a166f, 0x5c3ef83f)</TypeIdentifier>
					<Name>Time Scale</Name>
					<DefaultValue>10</DefaultValue>
					<Value>10</Value>
					<Modifiability>false</Modifiability>
				</Setting>
				<Setting>
					<TypeIdentifier>(0x2cdb2f0b, 0x12f231ea)</TypeIdentifier>
					<Name>Horizontal ruler</Name>
					<DefaultValue>true</DefaultValue>
					<Value>true</Value>
					<Modifiability>false</Modifiability>
				</Setting>
				<Setting>
					<TypeIdentifier>(0x2cdb2f0b, 0x12f231ea)</TypeIdentifier>
					<Name>Vertical ruler</Name>
					<DefaultValue>false</DefaultValue>
					<Value>false</Value>
					<Modifiability>false</Modifiability>
				</Setting>
				<Setting>
					<TypeIdentifier>(0x2cdb2f0b, 0x12f231ea)</TypeIdentifier>
					<Name>Multiview</Name>
					<DefaultValue>false</DefaultValue>
					<Value>false</Value>
					<Modifiability>false</Modifiability>
				</Setting>
			</Settings>
			<Attributes>
				<Attribute>
					<Identifier>(0x1fa7a38f, 0x54edbe0b)</Identifier>
					<Value>368.000000</Value>
				</Attribute>
				<Attribute>
					<Identifier>(0x1fa963f5, 0x1a638cd4)</Identifier>
					<Value>38</Value>
				</Attribute>
				<Attribute>
					<Identifier>(0x207c9054, 0x3c841b63)</Identifier>
					<Value>192.000000</Value>
				</Attribute>
				<Attribute>
					<Identifier>(0x4e7b798a, 0x183beafb)</Identifier>
					<Value>(0x92c056a7, 0x2dc71aff)</Value>
				</Attribute>
				<Attribute>
					<Identifier>(0x527ad68d, 0x16d746a0)</Identifier>
					<Value></Value>
				</Attribute>
				<Attribute>
					<Identifier>(0xad100179, 0xa3c984ab)</Identifier>
					<Value>113</Value>
				</Attribute>
				<Attribute>
					<Identifier>(0xc46b3d00, 0x3e0454e1)</Identifier>
					<Value>(0x00000000, 0x0056c09c)</Value>
				</Attribute>
				<Attribute>
					<Identifier>(0xc67a01dc, 0x28ce06c1)</Identifier>
					<Value></Value>
				</Attribute>
				<Attribute>
					<Identifier>(0xc73e83ec, 0xf855c5bc)</Identifier>
					<Value>false</Value>
				</Attribute>
				<Attribute>
					<Identifier>(0xce18836a, 0x9c0eb403)</Identifier>
					<Value>9</Value>
				</Attribute>
				<Attribute>
					<Identifier>(0xcfad85b0, 0x7c6d841c)</Identifier>
					<Value>3</Value>
				</Attribute>
			</Attributes>
		</Box>
		<Box>
			<Identifier>(0x0000578b, 0x00007735)</Identifier>
			<Name>Time signal</Name>
			<AlgorithmClassIdentifier>(0x28a5e7ff, 0x530095de)</AlgorithmClassIdentifier>
			<Outputs>
				<Output>
					<TypeIdentifier>(0x5ba36127, 0x195feae1)</TypeIdentifier>
					<Name>Generated signal</Name>
				</Output>
			</Outputs>
			<Settings>
				<Setting>
					<TypeIdentifier>(0x007deef9, 0x2f3e95c6)</TypeIdentifier>
					<Name>Sampling frequency</Name>
					<DefaultValue>512</DefaultValue>
					<Value>512</Value>
					<Modifiability>false</Modifiability>
				</Setting>
				<Setting>
					<TypeIdentifier>(0x007deef9, 0x2f3e95c6)</TypeIdentifier>
					<Name>Generated epoch sample count</Name>
					<DefaultValue>32</DefaultValue>
					<Value>32</Value>
					<Modifiability>false</Modifiability>
				</Setting>
			</Settings>
			<Attributes>
				<Attribute>
					<Identifier>(0x1fa7a38f, 0x54edbe0b)</Identifier>
					<Value>112.000000</Value>
				</Attribute>
				<Attribute>
					<Identifier>(0x1fa963f5, 0x1a638cd4)</Identifier>
					<Value>25</Value>
				</Attribute>
				<Attribute>
					<Identifier>(0x207c9054, 0x3c841b63)</Identifier>
					<Value>300.000000</Value>
				</Attribute>
				<Attribute>
					<Identifier>(0x4e7b798a, 0x183beafb)</Identifier>
					<Value>(0x9e5ca01e, 0x30a4d8c3)</Value>
				</Attribute>
				<Attribute>
					<Identifier>(0xad100179, 0xa3c984ab)</Identifier>
					<Value>94</Value>
				</Attribute>
				<Attribute>
					<Identifier>(0xc46b3d00, 0x3e0454e1)</Identifier>
					<Value>(0x00000000, 0x00318da1)</Value>
				</Attribute>
				<Attribute>
					<Identifier>(0xc80ce8af, 0xf699f813)</Identifier>
					<Value>1</Value>
				</Attribute>
				<Attribute>
					<Identifier>(0xce18836a, 0x9c0eb403)</Identifier>
					<Value>2</Value>
				</Attribute>
			</Attributes>
		</Box>
		<Box>
			<Identifier>(0x000074fc, 0x000027a1)</Identifier>
			<Name>Sinus oscillator</Name>
			<AlgorithmClassIdentifier>(0x7e33bdb8, 0x68194a4a)</AlgorithmClassIdentifier>
			<Outputs>
				<Output>
					<TypeIdentifier>(0x5ba36127, 0x195feae1)</TypeIdentifier>
					<Name>Generated signal</Name>
				</Output>
			</Outputs>
			<Settings>
				<Setting>
					<TypeIdentifier>(0x007deef9, 0x2f3e95c6)</TypeIdentifier>
					<Name>Channel count</Name>
					<DefaultValue>4</DefaultValue>
					<Value>2</Value>
					<Modifiability>false</Modifiability>
				</Setting>
				<Setting>
					<TypeIdentifier>(0x007deef9, 0x2f3e95c6)</TypeIdentifier>
					<Name>Sampling frequency</Name>
					<DefaultValue>512</DefaultValue>
					<Value>512</Value>
					<Modifiability>false</Modifiability>
				</Setting>
				<Setting>
					<TypeIdentifier>(0x007deef9, 0x2f3e95c6)</TypeIdentifier>
					<Name>Generated epoch sample count</Name>
					<DefaultValue>32</DefaultValue>
					<Value>32</Value>
					<Modifiability>false</Modifiability>
				</Setting>
			</Settings>
			<Attributes>
				<Attribute>
					<Identifier>(0x1fa7a38f, 0x54edbe0b)</Identifier>
					<Value>112.000000</Value>
				</Attribute>
				<Attribute>
					<Identifier>(0x1fa963f5, 0x1a638cd4)</Identifier>
					<Value>25</Value>
				</Attribute>
				<Attribute>
					<Identifier>(0x207c9054, 0x3c841b63)</Identifier>
					<Value>128.000000</Value>
				</Attribute>
				<Attribute>
					<Identifier>(0x4e7b798a, 0x183beafb)</Identifier>
					<Value>(0x0b214ed8, 0x1f9ad83a)</Value>
				</Attribute>
				<Attribute>
					<Identifier>(0xad100179, 0xa3c984ab)</Identifier>
					<Value>121</Value>
				</Attribute>
				<Attribute>
					<Identifier>(0xc46b3d00, 0x3e0454e1)</Identifier>
					<Value>(0x00000000, 0x006a6788)</Value>
				</Attribute>
				<Attribute>
					<Identifier>(0xc80ce8af, 0xf699f813)</Identifier>
					<Value>1</Value>
				</Attribute>
				<Attribute>
					<Identifier>(0xce18836a, 0x9c0eb403)</Identifier>
					<Value>3</Value>
				</Attribute>
			</Attributes>
		</Box>
	</Boxes>
	<Links>
		<Link>
			<Identifier>(0x00003f6e, 0x000068c6)</Identifier>
			<Source>
				<BoxIdentifier>(0x0000578b, 0x00007735)</BoxIdentifier>
				<BoxOutputIndex>0</BoxOutputIndex>
			</Source>
			<Target>
				<BoxIdentifier>(0x000013b7, 0x00000e7c)</BoxIdentifier>
				<BoxInputIndex>1</BoxInputIndex>
			</Target>
			<Attributes>
				<Attribute>
					<Identifier>(0x1b32c44c, 0x1905e0e9)</Identifier>
					<Value>131</Value>
				</Attribute>
				<Attribute>
					<Identifier>(0x358ae8b5, 0x0f8bacd1)</Identifier>
					<Value>300</Value>
				</Attribute>
				<Attribute>
					<Identifier>(0x3f0a3b27, 0x570913d2)</Identifier>
					<Value>200</Value>
				</Attribute>
				<Attribute>
					<Identifier>(0x6267b5c5, 0x676e3e42)</Identifier>
					<Value>215</Value>
				</Attribute>
			</Attributes>
		</Link>
		<Link>
			<Identifier>(0x0000631a, 0x0000208d)</Identifier>
			<Source>
				<BoxIdentifier>(0x000013b7, 0x00000e7c)</BoxIdentifier>
				<BoxOutputIndex>0</BoxOutputIndex>
			</Source>
			<Target>
				<BoxIdentifier>(0x00001929, 0x0000100f)</BoxIdentifier>
				<BoxInputIndex>0</BoxInputIndex>
			</Target>
			<Attributes>
				<Attribute>
					<Identifier>(0x1b32c44c, 0x1905e0e9)</Identifier>
					<Value>249</Value>
				</Attribute>
				<Attribute>
					<Identifier>(0x358ae8b5, 0x0f8bacd1)</Identifier>
					<Value>208</Value>
				</Attribute>
				<Attribute>
					<Identifier>(0x3f0a3b27, 0x570913d2)</Identifier>
					<Value>344</Value>
				</Attribute>
				<Attribute>
					<Identifier>(0x6267b5c5, 0x676e3e42)</Identifier>
					<Value>177</Value>
				</Attribute>
			</Attributes>
		</Link>
		<Link>
			<Identifier>(0x0000669d, 0x00000659)</Identifier>
			<Source>
				<BoxIdentifier>(0x000074fc, 0x000027a1)</BoxIdentifier>
				<BoxOutputIndex>0</BoxOutputIndex>
			</Source>
			<Target>
				<BoxIdentifier>(0x000013b7, 0x00000e7c)</BoxIdentifier>
				<BoxInputIndex>0</BoxInputIndex>
			</Target>
			<Attributes>
				<Attribute>
					<Identifier>(0x1b32c44c, 0x1905e0e9)</Identifier>
					<Value>131</Value>
				</Attribute>
				<Attribute>
					<Identifier>(0x358ae8b5, 0x0f8bacd1)</Identifier>
					<Value>128</Value>
				</Attribute>
				<Attribute>
					<Identifier>(0x3f0a3b27, 0x570913d2)</Identifier>
					<Value>200</Value>
				</Attribute>
				<Attribute>
					<Identifier>(0x6267b5c5, 0x676e3e42)</Identifier>
					<Value>200</Value>
				</Attribute>
			</Attributes>
		</Link>
	</Links>
	<Comments>
		<Comment>
			<Identifier>(0x000064dd, 0x000014fc)</Identifier>
			<Text>You can browse each box' documentation by selecting the box and pressing &lt;b&gt;F1&lt;/b&gt;</Text>
			<Attributes>
				<Attribute>
					<Identifier>(0x473d9a43, 0x97fc0a97)</Identifier>
					<Value>576.000000</Value>
				</Attribute>
				<Attribute>
					<Identifier>(0x7234b86b, 0x2b8651a5)</Identifier>
					<Value>272.000000</Value>
				</Attribute>
			</Attributes>
		</Comment>
		<Comment>
			<Identifier>(0x0000796d, 0x000000d2)</Identifier>
			<Text>This scenario illustrates the use of the &lt;b&gt;Signal Merger&lt;/b&gt; box.

The box joins the two artificial signal channels coming from the
&lt;i&gt;Sinus Oscillator&lt;/i&gt; box with the channel received from the 
&lt;i&gt;Time Signal&lt;/i&gt; box. 

Hence, the resulting merged stream will have three channels, 
as is seen in the &lt;i&gt;Signal Display&lt;/i&gt; during playback.</Text>
			<Attributes>
				<Attribute>
					<Identifier>(0x473d9a43, 0x97fc0a97)</Identifier>
					<Value>560.000000</Value>
				</Attribute>
				<Attribute>
					<Identifier>(0x7234b86b, 0x2b8651a5)</Identifier>
					<Value>128.000000</Value>
				</Attribute>
			</Attributes>
		</Comment>
	</Comments>
	<Metadata>
		<Entry>
			<Identifier>(0x0000775c, 0x000078ff)</Identifier>
			<Type>(0x3bcce5d2, 0x43f2d968)</Type>
			<Data>[{"boxIdentifier":"(0x00001929, 0x0000100f)","childCount":0,"identifier":"(0x000032ed, 0x0000031b)","index":0,"parentIdentifier":"(0xffffffff, 0xffffffff)","type":3},{"boxIdentifier":"(0xffffffff, 0xffffffff)","childCount":1,"height":320,"identifier":"(0x0000571e, 0x00003d0d)","index":0,"name":"Default window","parentIdentifier":"(0xffffffff, 0xffffffff)","type":1,"width":480},{"boxIdentifier":"(0xffffffff, 0xffffffff)","childCount":1,"identifier":"(0x00000e7f, 0x0000035a)","index":0,"name":"Default tab","parentIdentifier":"(0x0000571e, 0x00003d0d)","type":2},{"boxIdentifier":"(0xffffffff, 0xffffffff)","childCount":0,"identifier":"(0x00005068, 0x000070ce)","index":0,"name":"Empty","parentIdentifier":"(0x00000e7f, 0x0000035a)","type":0}]</Data>
		</Entry>
	</Metadata>
</OpenViBE-Scenario>