<OpenViBE-Scenario>
	<FormatVersion>1</FormatVersion>
	<Creator>OpenVIBE</Creator>
	<CreatorVersion>0.2.99</CreatorVersion>
	<Settings></Settings>
	<Inputs></Inputs>
	<Outputs></Outputs>
	<Boxes>
		<Box>
			<Identifier>(0x00001c48, 0x00005598)</Identifier>
			<Name>Temporal filter</Name>
			<AlgorithmClassIdentifier>(0xb4f9d042, 0x9d79f2e5)</AlgorithmClassIdentifier>
			<Inputs>
				<Input>
					<TypeIdentifier>(0x5ba36127, 0x195feae1)</TypeIdentifier>
					<Name>Input signal</Name>
				</Input>
			</Inputs>
			<Outputs>
				<Output>
					<TypeIdentifier>(0x5ba36127, 0x195feae1)</TypeIdentifier>
					<Name>Filtered signal</Name>
				</Output>
			</Outputs>
			<Settings>
				<Setting>
					<TypeIdentifier>(0x2f2c606c, 0x8512ed68)</TypeIdentifier>
					<Name>Filter method</Name>
					<DefaultValue>Butterworth</DefaultValue>
					<Value>Butterworth</Value>
					<Modifiability>false</Modifiability>
				</Setting>
				<Setting>
					<TypeIdentifier>(0xfa20178e, 0x4cba62e9)</TypeIdentifier>
					<Name>Filter type</Name>
					<DefaultValue>Low pass</DefaultValue>
					<Value>Band pass</Value>
					<Modifiability>false</Modifiability>
				</Setting>
				<Setting>
					<TypeIdentifier>(0x007deef9, 0x2f3e95c6)</TypeIdentifier>
					<Name>Filter order</Name>
					<DefaultValue>4</DefaultValue>
					<Value>4</Value>
					<Modifiability>false</Modifiability>
				</Setting>
				<Setting>
					<TypeIdentifier>(0x512a166f, 0x5c3ef83f)</TypeIdentifier>
					<Name>Low cut frequency (Hz)</Name>
					<DefaultValue>29</DefaultValue>
					<Value>1.000000</Value>
					<Modifiability>false</Modifiability>
				</Setting>
				<Setting>
					<TypeIdentifier>(0x512a166f, 0x5c3ef83f)</TypeIdentifier>
					<Name>High cut frequency (Hz)</Name>
					<DefaultValue>40</DefaultValue>
					<Value>20.000000</Value>
					<Modifiability>false</Modifiability>
				</Setting>
				<Setting>
					<TypeIdentifier>(0x512a166f, 0x5c3ef83f)</TypeIdentifier>
					<Name>Pass band ripple (dB)</Name>
					<DefaultValue>0.5</DefaultValue>
					<Value>0.500000</Value>
					<Modifiability>false</Modifiability>
				</Setting>
			</Settings>
			<Attributes>
				<Attribute>
					<Identifier>(0x1fa7a38f, 0x54edbe0b)</Identifier>
					<Value>0</Value>
				</Attribute>
				<Attribute>
					<Identifier>(0x207c9054, 0x3c841b63)</Identifier>
					<Value>288</Value>
				</Attribute>
				<Attribute>
					<Identifier>(0x4e7b798a, 0x183beafb)</Identifier>
					<Value>(0x27a4ceec, 0x876d6384)</Value>
				</Attribute>
			</Attributes>
		</Box>
		<Box>
			<Identifier>(0x00002514, 0x00001614)</Identifier>
			<Name>Generic stream reader</Name>
			<AlgorithmClassIdentifier>(0x6468099f, 0x0370095a)</AlgorithmClassIdentifier>
			<Outputs>
				<Output>
					<TypeIdentifier>(0x403488e7, 0x565d70b6)</TypeIdentifier>
					<Name>Output stream 1</Name>
				</Output>
				<Output>
					<TypeIdentifier>(0x5ba36127, 0x195feae1)</TypeIdentifier>
					<Name>Output stream 2</Name>
				</Output>
				<Output>
					<TypeIdentifier>(0x6f752dd0, 0x082a321e)</TypeIdentifier>
					<Name>Output stream 3</Name>
				</Output>
			</Outputs>
			<Settings>
				<Setting>
					<TypeIdentifier>(0x330306dd, 0x74a95f98)</TypeIdentifier>
					<Name>Filename</Name>
					<DefaultValue></DefaultValue>
					<Value>${Player_ScenarioDirectory}/signals/CHANGE_ME.ov</Value>
					<Modifiability>false</Modifiability>
				</Setting>
			</Settings>
			<Attributes>
				<Attribute>
					<Identifier>(0x17ee7c08, 0x94c14893)</Identifier>
					<Value></Value>
				</Attribute>
				<Attribute>
					<Identifier>(0x1fa7a38f, 0x54edbe0b)</Identifier>
					<Value>-128</Value>
				</Attribute>
				<Attribute>
					<Identifier>(0x207c9054, 0x3c841b63)</Identifier>
					<Value>400</Value>
				</Attribute>
				<Attribute>
					<Identifier>(0x30a4e5c9, 0x83502953)</Identifier>
					<Value></Value>
				</Attribute>
				<Attribute>
					<Identifier>(0x4e7b798a, 0x183beafb)</Identifier>
					<Value>(0xf37b8e7a, 0x1bc33e4e)</Value>
				</Attribute>
			</Attributes>
		</Box>
		<Box>
			<Identifier>(0x0000267a, 0x0000427f)</Identifier>
			<Name>Time based epoching</Name>
			<AlgorithmClassIdentifier>(0x00777fa0, 0x5dc3f560)</AlgorithmClassIdentifier>
			<Inputs>
				<Input>
					<TypeIdentifier>(0x5ba36127, 0x195feae1)</TypeIdentifier>
					<Name>Input signal</Name>
				</Input>
			</Inputs>
			<Outputs>
				<Output>
					<TypeIdentifier>(0x5ba36127, 0x195feae1)</TypeIdentifier>
					<Name>Epoched signal 1</Name>
				</Output>
			</Outputs>
			<Settings>
				<Setting>
					<TypeIdentifier>(0x512a166f, 0x5c3ef83f)</TypeIdentifier>
					<Name>Epoch 1 duration (in sec)</Name>
					<DefaultValue>1</DefaultValue>
					<Value>0.250000</Value>
					<Modifiability>false</Modifiability>
				</Setting>
				<Setting>
					<TypeIdentifier>(0x512a166f, 0x5c3ef83f)</TypeIdentifier>
					<Name>Epoch 1 intervals (in sec)</Name>
					<DefaultValue>0.5</DefaultValue>
					<Value>0.250000</Value>
					<Modifiability>false</Modifiability>
				</Setting>
			</Settings>
			<Attributes>
				<Attribute>
					<Identifier>(0x17ee7c08, 0x94c14893)</Identifier>
					<Value></Value>
				</Attribute>
				<Attribute>
					<Identifier>(0x1fa7a38f, 0x54edbe0b)</Identifier>
					<Value>96</Value>
				</Attribute>
				<Attribute>
					<Identifier>(0x207c9054, 0x3c841b63)</Identifier>
					<Value>288</Value>
				</Attribute>
				<Attribute>
					<Identifier>(0x4e7b798a, 0x183beafb)</Identifier>
					<Value>(0xc5ff41e9, 0xccc59a01)</Value>
				</Attribute>
			</Attributes>
		</Box>
		<Box>
			<Identifier>(0x00004aea, 0x00001465)</Identifier>
			<Name>Player Controller</Name>
			<AlgorithmClassIdentifier>(0x5f426dce, 0x08456e13)</AlgorithmClassIdentifier>
			<Inputs>
				<Input>
					<TypeIdentifier>(0x6f752dd0, 0x082a321e)</TypeIdentifier>
					<Name>Stimulations</Name>
				</Input>
			</Inputs>
			<Settings>
				<Setting>
					<TypeIdentifier>(0x2c132d6e, 0x44ab0d97)</TypeIdentifier>
					<Name>Stimulation name</Name>
					<DefaultValue>OVTK_StimulationId_Label_00</DefaultValue>
					<Value>OVTK_StimulationId_TrainCompleted</Value>
					<Modifiability>false</Modifiability>
				</Setting>
				<Setting>
					<TypeIdentifier>(0xcc14d8d6, 0xf27ecb73)</TypeIdentifier>
					<Name>Action to perform</Name>
					<DefaultValue>Pause</DefaultValue>
					<Value>Stop</Value>
					<Modifiability>false</Modifiability>
				</Setting>
			</Settings>
			<Attributes>
				<Attribute>
					<Identifier>(0x1fa7a38f, 0x54edbe0b)</Identifier>
					<Value>352</Value>
				</Attribute>
				<Attribute>
					<Identifier>(0x207c9054, 0x3c841b63)</Identifier>
					<Value>288</Value>
				</Attribute>
				<Attribute>
					<Identifier>(0x4e7b798a, 0x183beafb)</Identifier>
					<Value>(0x568d148e, 0x650792b3)</Value>
				</Attribute>
				<Attribute>
					<Identifier>(0xce18836a, 0x9c0eb403)</Identifier>
					<Value>2</Value>
				</Attribute>
				<Attribute>
					<Identifier>(0xcfad85b0, 0x7c6d841c)</Identifier>
					<Value>1</Value>
				</Attribute>
			</Attributes>
		</Box>
		<Box>
			<Identifier>(0x00006be0, 0x000074b5)</Identifier>
			<Name>Signal Decimation</Name>
			<AlgorithmClassIdentifier>(0x012f4bea, 0x3be37c66)</AlgorithmClassIdentifier>
			<Inputs>
				<Input>
					<TypeIdentifier>(0x5ba36127, 0x195feae1)</TypeIdentifier>
					<Name>Input signal</Name>
				</Input>
			</Inputs>
			<Outputs>
				<Output>
					<TypeIdentifier>(0x5ba36127, 0x195feae1)</TypeIdentifier>
					<Name>Output signal</Name>
				</Output>
			</Outputs>
			<Settings>
				<Setting>
					<TypeIdentifier>(0x007deef9, 0x2f3e95c6)</TypeIdentifier>
					<Name>Decimation factor</Name>
					<DefaultValue>8</DefaultValue>
					<Value>4</Value>
					<Modifiability>false</Modifiability>
				</Setting>
			</Settings>
			<Attributes>
				<Attribute>
					<Identifier>(0x1fa7a38f, 0x54edbe0b)</Identifier>
					<Value>48</Value>
				</Attribute>
				<Attribute>
					<Identifier>(0x207c9054, 0x3c841b63)</Identifier>
					<Value>288</Value>
				</Attribute>
				<Attribute>
					<Identifier>(0x4e7b798a, 0x183beafb)</Identifier>
					<Value>(0x5082af41, 0xd0fbf4cb)</Value>
				</Attribute>
			</Attributes>
		</Box>
		<Box>
			<Identifier>(0x00006fa4, 0x00003c76)</Identifier>
			<Name>Target Selection</Name>
			<AlgorithmClassIdentifier>(0x426163d1, 0x324237b0)</AlgorithmClassIdentifier>
			<Inputs>
				<Input>
					<TypeIdentifier>(0x5ba36127, 0x195feae1)</TypeIdentifier>
					<Name>Input signal</Name>
				</Input>
				<Input>
					<TypeIdentifier>(0x6f752dd0, 0x082a321e)</TypeIdentifier>
					<Name>Input stimulations</Name>
				</Input>
			</Inputs>
			<Outputs>
				<Output>
					<TypeIdentifier>(0x5ba36127, 0x195feae1)</TypeIdentifier>
					<Name>Epoched signal</Name>
				</Output>
			</Outputs>
			<Settings>
				<Setting>
					<TypeIdentifier>(0x512a166f, 0x5c3ef83f)</TypeIdentifier>
					<Name>Epoch duration (in sec)</Name>
					<DefaultValue>1</DefaultValue>
					<Value>0.600000</Value>
					<Modifiability>false</Modifiability>
				</Setting>
				<Setting>
					<TypeIdentifier>(0x512a166f, 0x5c3ef83f)</TypeIdentifier>
					<Name>Epoch offset (in sec)</Name>
					<DefaultValue>0.5</DefaultValue>
					<Value>0.000000</Value>
					<Modifiability>false</Modifiability>
				</Setting>
				<Setting>
					<TypeIdentifier>(0x2c132d6e, 0x44ab0d97)</TypeIdentifier>
					<Name>Stimulation to epoch from</Name>
					<DefaultValue>OVTK_GDF_VEP</DefaultValue>
					<Value>OVTK_StimulationId_Target</Value>
					<Modifiability>false</Modifiability>
				</Setting>
			</Settings>
			<Attributes>
				<Attribute>
					<Identifier>(0x1fa7a38f, 0x54edbe0b)</Identifier>
					<Value>224.000000</Value>
				</Attribute>
				<Attribute>
					<Identifier>(0x207c9054, 0x3c841b63)</Identifier>
					<Value>433.000000</Value>
				</Attribute>
				<Attribute>
					<Identifier>(0x4e7b798a, 0x183beafb)</Identifier>
					<Value>(0xa79941ae, 0x80708445)</Value>
				</Attribute>
			</Attributes>
		</Box>
		<Box>
			<Identifier>(0x28092119, 0x6bf4697c)</Identifier>
			<Name>xDAWN Spatial Filter Trainer</Name>
			<AlgorithmClassIdentifier>(0xae241f9f, 0x599fad88)</AlgorithmClassIdentifier>
			<Inputs>
				<Input>
					<TypeIdentifier>(0x6f752dd0, 0x082a321e)</TypeIdentifier>
					<Name>Stimulations</Name>
				</Input>
				<Input>
					<TypeIdentifier>(0x5ba36127, 0x195feae1)</TypeIdentifier>
					<Name>Session signal</Name>
				</Input>
				<Input>
					<TypeIdentifier>(0x5ba36127, 0x195feae1)</TypeIdentifier>
					<Name>Evoked potential epochs</Name>
				</Input>
			</Inputs>
			<Outputs>
				<Output>
					<TypeIdentifier>(0x6f752dd0, 0x082a321e)</TypeIdentifier>
					<Name>Train-completed Flag</Name>
				</Output>
			</Outputs>
			<Settings>
				<Setting>
					<TypeIdentifier>(0x2c132d6e, 0x44ab0d97)</TypeIdentifier>
					<Name>Train stimulation</Name>
					<DefaultValue>OVTK_StimulationId_Train</DefaultValue>
					<Value>OVTK_StimulationId_ExperimentStop</Value>
					<Modifiability>false</Modifiability>
				</Setting>
				<Setting>
					<TypeIdentifier>(0x330306dd, 0x74a95f98)</TypeIdentifier>
					<Name>Spatial filter configuration</Name>
					<DefaultValue></DefaultValue>
					<Value>${Player_ScenarioDirectory}/p300-spatial-filter.cfg</Value>
					<Modifiability>false</Modifiability>
				</Setting>
				<Setting>
					<TypeIdentifier>(0x007deef9, 0x2f3e95c6)</TypeIdentifier>
					<Name>Filter dimension</Name>
					<DefaultValue>4</DefaultValue>
					<Value>3</Value>
					<Modifiability>false</Modifiability>
				</Setting>
				<Setting>
					<TypeIdentifier>(0x2cdb2f0b, 0x12f231ea)</TypeIdentifier>
					<Name>Save as box config</Name>
					<DefaultValue>true</DefaultValue>
					<Value>true</Value>
					<Modifiability>false</Modifiability>
				</Setting>
			</Settings>
			<Attributes>
				<Attribute>
					<Identifier>(0x1fa7a38f, 0x54edbe0b)</Identifier>
					<Value>288</Value>
				</Attribute>
				<Attribute>
					<Identifier>(0x207c9054, 0x3c841b63)</Identifier>
					<Value>288</Value>
				</Attribute>
				<Attribute>
					<Identifier>(0x4e7b798a, 0x183beafb)</Identifier>
					<Value>(0x4b49a133, 0x42f38d94)</Value>
				</Attribute>
				<Attribute>
					<Identifier>(0xc80ce8af, 0xf699f813)</Identifier>
					<Value>1</Value>
				</Attribute>
				<Attribute>
					<Identifier>(0xce18836a, 0x9c0eb403)</Identifier>
					<Value>4</Value>
				</Attribute>
				<Attribute>
					<Identifier>(0xcfad85b0, 0x7c6d841c)</Identifier>
					<Value>3</Value>
				</Attribute>
			</Attributes>
		</Box>
	</Boxes>
	<Links>
		<Link>
			<Identifier>(0x000007d3, 0x000071cb)</Identifier>
			<Source>
				<BoxIdentifier>(0x0000267a, 0x0000427f)</BoxIdentifier>
				<BoxOutputIndex>0</BoxOutputIndex>
			</Source>
			<Target>
				<BoxIdentifier>(0x00006fa4, 0x00003c76)</BoxIdentifier>
				<BoxInputIndex>0</BoxInputIndex>
			</Target>
		</Link>
		<Link>
			<Identifier>(0x00003582, 0x00002c04)</Identifier>
			<Source>
				<BoxIdentifier>(0x00006be0, 0x000074b5)</BoxIdentifier>
				<BoxOutputIndex>0</BoxOutputIndex>
			</Source>
			<Target>
				<BoxIdentifier>(0x0000267a, 0x0000427f)</BoxIdentifier>
				<BoxInputIndex>0</BoxInputIndex>
			</Target>
		</Link>
		<Link>
			<Identifier>(0x00006413, 0x00003ed2)</Identifier>
			<Source>
				<BoxIdentifier>(0x00001c48, 0x00005598)</BoxIdentifier>
				<BoxOutputIndex>0</BoxOutputIndex>
			</Source>
			<Target>
				<BoxIdentifier>(0x00006be0, 0x000074b5)</BoxIdentifier>
				<BoxInputIndex>0</BoxInputIndex>
			</Target>
		</Link>
		<Link>
			<Identifier>(0x00006af9, 0x00002512)</Identifier>
			<Source>
				<BoxIdentifier>(0x00002514, 0x00001614)</BoxIdentifier>
				<BoxOutputIndex>2</BoxOutputIndex>
			</Source>
			<Target>
				<BoxIdentifier>(0x00006fa4, 0x00003c76)</BoxIdentifier>
				<BoxInputIndex>1</BoxInputIndex>
			</Target>
		</Link>
		<Link>
			<Identifier>(0x000070d8, 0x00000f4e)</Identifier>
			<Source>
				<BoxIdentifier>(0x00002514, 0x00001614)</BoxIdentifier>
				<BoxOutputIndex>1</BoxOutputIndex>
			</Source>
			<Target>
				<BoxIdentifier>(0x00001c48, 0x00005598)</BoxIdentifier>
				<BoxInputIndex>0</BoxInputIndex>
			</Target>
		</Link>
		<Link>
			<Identifier>(0x11f09332, 0x6e2fdd48)</Identifier>
			<Source>
				<BoxIdentifier>(0x00006fa4, 0x00003c76)</BoxIdentifier>
				<BoxOutputIndex>0</BoxOutputIndex>
			</Source>
			<Target>
				<BoxIdentifier>(0x28092119, 0x6bf4697c)</BoxIdentifier>
				<BoxInputIndex>2</BoxInputIndex>
			</Target>
		</Link>
		<Link>
			<Identifier>(0x5cb92cd5, 0x2af19e87)</Identifier>
			<Source>
				<BoxIdentifier>(0x0000267a, 0x0000427f)</BoxIdentifier>
				<BoxOutputIndex>0</BoxOutputIndex>
			</Source>
			<Target>
				<BoxIdentifier>(0x28092119, 0x6bf4697c)</BoxIdentifier>
				<BoxInputIndex>1</BoxInputIndex>
			</Target>
		</Link>
		<Link>
			<Identifier>(0x702c8431, 0x546aa05e)</Identifier>
			<Source>
				<BoxIdentifier>(0x00002514, 0x00001614)</BoxIdentifier>
				<BoxOutputIndex>2</BoxOutputIndex>
			</Source>
			<Target>
				<BoxIdentifier>(0x28092119, 0x6bf4697c)</BoxIdentifier>
				<BoxInputIndex>0</BoxInputIndex>
			</Target>
		</Link>
		<Link>
			<Identifier>(0x7b055d47, 0x3929d6d1)</Identifier>
			<Source>
				<BoxIdentifier>(0x28092119, 0x6bf4697c)</BoxIdentifier>
				<BoxOutputIndex>0</BoxOutputIndex>
			</Source>
			<Target>
				<BoxIdentifier>(0x00004aea, 0x00001465)</BoxIdentifier>
				<BoxInputIndex>0</BoxInputIndex>
			</Target>
		</Link>
	</Links>
	<Comments>
		<Comment>
			<Identifier>(0x00000b43, 0x0000067f)</Identifier>
			<Text>The preprocessing of the signal is
performed here...

&lt;u&gt;&lt;b&gt;Note:&lt;/b&gt;&lt;/u&gt; be sure that the
&lt;i&gt;sampling rate&lt;/i&gt; and &lt;i&gt;sample count
per buffer&lt;/i&gt; you use in the &lt;u&gt;acquisition
server&lt;/u&gt; are compatible with the actual
&lt;i&gt;signal decimation factor&lt;/i&gt;</Text>
			<Attributes>
				<Attribute>
					<Identifier>(0x473d9a43, 0x97fc0a97)</Identifier>
					<Value>48</Value>
				</Attribute>
				<Attribute>
					<Identifier>(0x7234b86b, 0x2b8651a5)</Identifier>
					<Value>32</Value>
				</Attribute>
			</Attributes>
		</Comment>
		<Comment>
			<Identifier>(0x000010db, 0x00003fcd)</Identifier>
			<Text>For prerecorded data to test this P300, see

&lt;b&gt;http://openvibe.inria.fr/datasets/&lt;/b&gt;
</Text>
			<Attributes>
				<Attribute>
					<Identifier>(0x473d9a43, 0x97fc0a97)</Identifier>
					<Value>816.000000</Value>
				</Attribute>
				<Attribute>
					<Identifier>(0x7234b86b, 0x2b8651a5)</Identifier>
					<Value>112.000000</Value>
				</Attribute>
			</Attributes>
		</Comment>
		<Comment>
			<Identifier>(0x000049d6, 0x00006e67)</Identifier>
			<Text>&lt;u&gt;&lt;b&gt;&lt;big&gt;Overview&lt;/big&gt;&lt;/b&gt;&lt;/u&gt;

This scenario should be used to train
the spatial filter using the xDAWN algorithm.

Just configure the &lt;i&gt;Generic Stream Reader&lt;/i&gt;
box to point to the last file you recorded with
scenario &lt;i&gt;1-acquisition&lt;/i&gt; and fast forward
this scenario.

At the end of the training, you will have line in
the console about eigen values.
Using a &lt;i&gt;Player Controller&lt;/i&gt; the scenario will
automatically pause at the end of the training.

If you want details on this values, you should read
&lt;u&gt;http://www.icp.inpg.fr/~rivetber/Publications/references/Rivet2009a.pdf&lt;/u&gt;</Text>
			<Attributes>
				<Attribute>
					<Identifier>(0x473d9a43, 0x97fc0a97)</Identifier>
					<Value>800.000000</Value>
				</Attribute>
				<Attribute>
					<Identifier>(0x7234b86b, 0x2b8651a5)</Identifier>
					<Value>-80.000000</Value>
				</Attribute>
			</Attributes>
		</Comment>
		<Comment>
			<Identifier>(0x00007b93, 0x000041da)</Identifier>
			<Text>You can browse each box' documentation by selecting the box and pressing &lt;b&gt;F1&lt;/b&gt;</Text>
			<Attributes>
				<Attribute>
					<Identifier>(0x473d9a43, 0x97fc0a97)</Identifier>
					<Value>304.000000</Value>
				</Attribute>
				<Attribute>
					<Identifier>(0x7234b86b, 0x2b8651a5)</Identifier>
					<Value>-192.000000</Value>
				</Attribute>
			</Attributes>
		</Comment>
	</Comments>
	<Metadata>
		<Entry>
			<Identifier>(0x0000775c, 0x000078ff)</Identifier>
			<Type>(0x3bcce5d2, 0x43f2d968)</Type>
			<Data>[]</Data>
		</Entry>
	</Metadata>
	<Attributes>
		<Attribute>
			<Identifier>(0x790d75b8, 0x3bb90c33)</Identifier>
			<Value>Yann Renard</Value>
		</Attribute>
		<Attribute>
			<Identifier>(0x8c1fc55b, 0x7b433dc2)</Identifier>
			<Value></Value>
		</Attribute>
		<Attribute>
			<Identifier>(0x9f5c4075, 0x4a0d3666)</Identifier>
			<Value>Spatial Filter Training</Value>
		</Attribute>
		<Attribute>
			<Identifier>(0xf36a1567, 0xd13c53da)</Identifier>
			<Value>http://openvibe.inria.fr/p300-speller-xdawn/</Value>
		</Attribute>
		<Attribute>
			<Identifier>(0xf6b2e3fa, 0x7bd43926)</Identifier>
			<Value>xDAWN P300 Speller</Value>
		</Attribute>
		<Attribute>
			<Identifier>(0xf8034a49, 0x8b3f37cc)</Identifier>
			<Value>INRIA</Value>
		</Attribute>
	</Attributes>
</OpenViBE-Scenario>