<OpenViBE-Scenario>
	<FormatVersion>1</FormatVersion>
	<Creator>OpenViBE Designer</Creator>
	<CreatorVersion>2.1.0</CreatorVersion>
	<Settings></Settings>
	<Inputs></Inputs>
	<Outputs></Outputs>
	<Boxes>
		<Box>
			<Identifier>(0x000000ea, 0x000057a1)</Identifier>
			<Name>Launch</Name>
			<AlgorithmClassIdentifier>(0x0b5a2787, 0x02750621)</AlgorithmClassIdentifier>
			<Outputs>
				<Output>
					<TypeIdentifier>(0x6f752dd0, 0x082a321e)</TypeIdentifier>
					<Name>Stimulations</Name>
				</Output>
			</Outputs>
			<Settings>
				<Setting>
					<TypeIdentifier>(0xb0d0db45, 0x49cbc34a)</TypeIdentifier>
					<Name>Lua Script</Name>
					<DefaultValue></DefaultValue>
					<Value>${Player_ScenarioDirectory}/p300-magic-card-launch.lua</Value>
					<Modifiability>false</Modifiability>
				</Setting>
				<Setting>
					<TypeIdentifier>(0x2c132d6e, 0x44ab0d97)</TypeIdentifier>
					<Name>Stimulation to send</Name>
					<DefaultValue>OVTK_StimulationId_Label_00</DefaultValue>
					<Value>OVTK_StimulationId_Label_00</Value>
					<Modifiability>false</Modifiability>
				</Setting>
				<Setting>
					<TypeIdentifier>(0x512a166f, 0x5c3ef83f)</TypeIdentifier>
					<Name>Time to send</Name>
					<DefaultValue>20</DefaultValue>
					<Value>20</Value>
					<Modifiability>false</Modifiability>
				</Setting>
			</Settings>
			<Attributes>
				<Attribute>
					<Identifier>(0x17ee7c08, 0x94c14893)</Identifier>
					<Value></Value>
				</Attribute>
				<Attribute>
					<Identifier>(0x1fa7a38f, 0x54edbe0b)</Identifier>
					<Value>496.000000</Value>
				</Attribute>
				<Attribute>
					<Identifier>(0x207c9054, 0x3c841b63)</Identifier>
					<Value>128.000000</Value>
				</Attribute>
				<Attribute>
					<Identifier>(0x4e7b798a, 0x183beafb)</Identifier>
					<Value>(0xd6e3f48b, 0xbee3523a)</Value>
				</Attribute>
				<Attribute>
					<Identifier>(0x61d11811, 0x71e65362)</Identifier>
					<Value></Value>
				</Attribute>
				<Attribute>
					<Identifier>(0xc46b3d00, 0x3e0454e1)</Identifier>
					<Value>(0x00000000, 0x03adf2ea)</Value>
				</Attribute>
				<Attribute>
					<Identifier>(0xc73e83ec, 0xf855c5bc)</Identifier>
					<Value>false</Value>
				</Attribute>
				<Attribute>
					<Identifier>(0xc80ce8af, 0xf699f813)</Identifier>
					<Value>1</Value>
				</Attribute>
				<Attribute>
					<Identifier>(0xce18836a, 0x9c0eb403)</Identifier>
					<Value>1</Value>
				</Attribute>
				<Attribute>
					<Identifier>(0xf191c1c8, 0xa0123976)</Identifier>
					<Value></Value>
				</Attribute>
				<Attribute>
					<Identifier>(0xfba64161, 0x65304e21)</Identifier>
					<Value></Value>
				</Attribute>
			</Attributes>
		</Box>
		<Box>
			<Identifier>(0x000011e6, 0x0000013f)</Identifier>
			<Name>P300 Magic Card Visualisation</Name>
			<AlgorithmClassIdentifier>(0x841f46ef, 0x471aa2a4)</AlgorithmClassIdentifier>
			<Inputs>
				<Input>
					<TypeIdentifier>(0x6f752dd0, 0x082a321e)</TypeIdentifier>
					<Name>Sequence stimulations</Name>
				</Input>
				<Input>
					<TypeIdentifier>(0x6f752dd0, 0x082a321e)</TypeIdentifier>
					<Name>Target stimulations</Name>
				</Input>
				<Input>
					<TypeIdentifier>(0x6f752dd0, 0x082a321e)</TypeIdentifier>
					<Name>Card selection stimulations</Name>
				</Input>
			</Inputs>
			<Outputs>
				<Output>
					<TypeIdentifier>(0x6f752dd0, 0x082a321e)</TypeIdentifier>
					<Name>Target / Non target flagging (deprecated)</Name>
				</Output>
			</Outputs>
			<Settings>
				<Setting>
					<TypeIdentifier>(0x330306dd, 0x74a95f98)</TypeIdentifier>
					<Name>Interface filename</Name>
					<DefaultValue>${Path_Data}/plugins/simple-visualisation/p300-magic-card.ui</DefaultValue>
					<Value>${Path_Data}/plugins/simple-visualisation/p300-magic-card.ui</Value>
					<Modifiability>false</Modifiability>
				</Setting>
				<Setting>
					<TypeIdentifier>(0x7f45a2a9, 0x7db12219)</TypeIdentifier>
					<Name>Background color</Name>
					<DefaultValue>90,90,90</DefaultValue>
					<Value>90,90,90</Value>
					<Modifiability>false</Modifiability>
				</Setting>
				<Setting>
					<TypeIdentifier>(0x7f45a2a9, 0x7db12219)</TypeIdentifier>
					<Name>Target background color</Name>
					<DefaultValue>10,40,10</DefaultValue>
					<Value>10,40,10</Value>
					<Modifiability>false</Modifiability>
				</Setting>
				<Setting>
					<TypeIdentifier>(0x7f45a2a9, 0x7db12219)</TypeIdentifier>
					<Name>Selected background color</Name>
					<DefaultValue>70,20,20</DefaultValue>
					<Value>70,20,20</Value>
					<Modifiability>false</Modifiability>
				</Setting>
				<Setting>
					<TypeIdentifier>(0x2c132d6e, 0x44ab0d97)</TypeIdentifier>
					<Name>Card stimulation base</Name>
					<DefaultValue>OVTK_StimulationId_Label_01</DefaultValue>
					<Value>OVTK_StimulationId_Label_01</Value>
					<Modifiability>false</Modifiability>
				</Setting>
				<Setting>
					<TypeIdentifier>(0x79a9edeb, 0x245d83fc)</TypeIdentifier>
					<Name>TCP Tagging Host address</Name>
					<DefaultValue>localhost</DefaultValue>
					<Value>localhost</Value>
					<Modifiability>false</Modifiability>
				</Setting>
				<Setting>
					<TypeIdentifier>(0x007deef9, 0x2f3e95c6)</TypeIdentifier>
					<Name>TCP Tagging Host port</Name>
					<DefaultValue>15361</DefaultValue>
					<Value>15361</Value>
					<Modifiability>false</Modifiability>
				</Setting>
				<Setting>
					<TypeIdentifier>(0x330306dd, 0x74a95f98)</TypeIdentifier>
					<Name>Background filename</Name>
					<DefaultValue>${Path_Data}/plugins/simple-visualisation/p300-magic-card/openvibe-logo.png-offscreen</DefaultValue>
					<Value>${Path_Data}/plugins/simple-visualisation/p300-magic-card/openvibe-logo.png-offscreen</Value>
					<Modifiability>false</Modifiability>
				</Setting>
				<Setting>
					<TypeIdentifier>(0x330306dd, 0x74a95f98)</TypeIdentifier>
					<Name>Card filename</Name>
					<DefaultValue>${Path_Data}/plugins/simple-visualisation/p300-magic-card/01.png</DefaultValue>
					<Value>${Path_Data}/plugins/simple-visualisation/p300-magic-card/01.png</Value>
					<Modifiability>false</Modifiability>
				</Setting>
				<Setting>
					<TypeIdentifier>(0x330306dd, 0x74a95f98)</TypeIdentifier>
					<Name>Card filename</Name>
					<DefaultValue>${Path_Data}/plugins/simple-visualisation/p300-magic-card/02.png</DefaultValue>
					<Value>${Path_Data}/plugins/simple-visualisation/p300-magic-card/02.png</Value>
					<Modifiability>false</Modifiability>
				</Setting>
				<Setting>
					<TypeIdentifier>(0x330306dd, 0x74a95f98)</TypeIdentifier>
					<Name>Card filename</Name>
					<DefaultValue>${Path_Data}/plugins/simple-visualisation/p300-magic-card/03.png</DefaultValue>
					<Value>${Path_Data}/plugins/simple-visualisation/p300-magic-card/03.png</Value>
					<Modifiability>false</Modifiability>
				</Setting>
				<Setting>
					<TypeIdentifier>(0x330306dd, 0x74a95f98)</TypeIdentifier>
					<Name>Card filename</Name>
					<DefaultValue>${Path_Data}/plugins/simple-visualisation/p300-magic-card/04.png</DefaultValue>
					<Value>${Path_Data}/plugins/simple-visualisation/p300-magic-card/04.png</Value>
					<Modifiability>false</Modifiability>
				</Setting>
				<Setting>
					<TypeIdentifier>(0x330306dd, 0x74a95f98)</TypeIdentifier>
					<Name>Card filename</Name>
					<DefaultValue>${Path_Data}/plugins/simple-visualisation/p300-magic-card/05.png</DefaultValue>
					<Value>${Path_Data}/plugins/simple-visualisation/p300-magic-card/05.png</Value>
					<Modifiability>false</Modifiability>
				</Setting>
				<Setting>
					<TypeIdentifier>(0x330306dd, 0x74a95f98)</TypeIdentifier>
					<Name>Card filename</Name>
					<DefaultValue>${Path_Data}/plugins/simple-visualisation/p300-magic-card/06.png</DefaultValue>
					<Value>${Path_Data}/plugins/simple-visualisation/p300-magic-card/06.png</Value>
					<Modifiability>false</Modifiability>
				</Setting>
				<Setting>
					<TypeIdentifier>(0x330306dd, 0x74a95f98)</TypeIdentifier>
					<Name>Card filename</Name>
					<DefaultValue>${Path_Data}/plugins/simple-visualisation/p300-magic-card/07.png</DefaultValue>
					<Value>${Path_Data}/plugins/simple-visualisation/p300-magic-card/07.png</Value>
					<Modifiability>false</Modifiability>
				</Setting>
				<Setting>
					<TypeIdentifier>(0x330306dd, 0x74a95f98)</TypeIdentifier>
					<Name>Card filename</Name>
					<DefaultValue>${Path_Data}/plugins/simple-visualisation/p300-magic-card/08.png</DefaultValue>
					<Value>${Path_Data}/plugins/simple-visualisation/p300-magic-card/08.png</Value>
					<Modifiability>false</Modifiability>
				</Setting>
				<Setting>
					<TypeIdentifier>(0x330306dd, 0x74a95f98)</TypeIdentifier>
					<Name>Card filename</Name>
					<DefaultValue>${Path_Data}/plugins/simple-visualisation/p300-magic-card/09.png</DefaultValue>
					<Value>${Path_Data}/plugins/simple-visualisation/p300-magic-card/09.png</Value>
					<Modifiability>false</Modifiability>
				</Setting>
				<Setting>
					<TypeIdentifier>(0x330306dd, 0x74a95f98)</TypeIdentifier>
					<Name>Card filename</Name>
					<DefaultValue>${Path_Data}/plugins/simple-visualisation/p300-magic-card/10.png</DefaultValue>
					<Value>${Path_Data}/plugins/simple-visualisation/p300-magic-card/10.png</Value>
					<Modifiability>false</Modifiability>
				</Setting>
				<Setting>
					<TypeIdentifier>(0x330306dd, 0x74a95f98)</TypeIdentifier>
					<Name>Card filename</Name>
					<DefaultValue>${Path_Data}/plugins/simple-visualisation/p300-magic-card/11.png</DefaultValue>
					<Value>${Path_Data}/plugins/simple-visualisation/p300-magic-card/11.png</Value>
					<Modifiability>false</Modifiability>
				</Setting>
				<Setting>
					<TypeIdentifier>(0x330306dd, 0x74a95f98)</TypeIdentifier>
					<Name>Card filename</Name>
					<DefaultValue>${Path_Data}/plugins/simple-visualisation/p300-magic-card/12.png</DefaultValue>
					<Value>${Path_Data}/plugins/simple-visualisation/p300-magic-card/12.png</Value>
					<Modifiability>false</Modifiability>
				</Setting>
			</Settings>
			<Attributes>
				<Attribute>
					<Identifier>(0x1fa7a38f, 0x54edbe0b)</Identifier>
					<Value>739.000000</Value>
				</Attribute>
				<Attribute>
					<Identifier>(0x207c9054, 0x3c841b63)</Identifier>
					<Value>208.000000</Value>
				</Attribute>
				<Attribute>
					<Identifier>(0x4e7b798a, 0x183beafb)</Identifier>
					<Value>(0x847d7465, 0xabf7d754)</Value>
				</Attribute>
				<Attribute>
					<Identifier>(0xc46b3d00, 0x3e0454e1)</Identifier>
					<Value>(0x00000000, 0x089320e1)</Value>
				</Attribute>
				<Attribute>
					<Identifier>(0xc73e83ec, 0xf855c5bc)</Identifier>
					<Value>false</Value>
				</Attribute>
				<Attribute>
					<Identifier>(0xc80ce8af, 0xf699f813)</Identifier>
					<Value>1</Value>
				</Attribute>
				<Attribute>
					<Identifier>(0xce18836a, 0x9c0eb403)</Identifier>
					<Value>20</Value>
				</Attribute>
				<Attribute>
					<Identifier>(0xcfad85b0, 0x7c6d841c)</Identifier>
					<Value>3</Value>
				</Attribute>
			</Attributes>
		</Box>
		<Box>
			<Identifier>(0x000016ac, 0x00007204)</Identifier>
			<Name>Channel Selector</Name>
			<AlgorithmClassIdentifier>(0x361722e8, 0x311574e8)</AlgorithmClassIdentifier>
			<Inputs>
				<Input>
					<TypeIdentifier>(0x5ba36127, 0x195feae1)</TypeIdentifier>
					<Name>Input signal</Name>
				</Input>
			</Inputs>
			<Outputs>
				<Output>
					<TypeIdentifier>(0x5ba36127, 0x195feae1)</TypeIdentifier>
					<Name>Output signal</Name>
				</Output>
			</Outputs>
			<Settings>
				<Setting>
					<TypeIdentifier>(0x79a9edeb, 0x245d83fc)</TypeIdentifier>
					<Name>Channel List</Name>
					<DefaultValue>:</DefaultValue>
					<Value>Cz;O1;O2</Value>
					<Modifiability>false</Modifiability>
				</Setting>
				<Setting>
					<TypeIdentifier>(0x3bcf9e67, 0x0c23994d)</TypeIdentifier>
					<Name>Action</Name>
					<DefaultValue>Select</DefaultValue>
					<Value>Select</Value>
					<Modifiability>false</Modifiability>
				</Setting>
				<Setting>
					<TypeIdentifier>(0x666f25e9, 0x3e5738d6)</TypeIdentifier>
					<Name>Channel Matching Method</Name>
					<DefaultValue>Smart</DefaultValue>
					<Value>Smart</Value>
					<Modifiability>false</Modifiability>
				</Setting>
			</Settings>
			<Attributes>
				<Attribute>
					<Identifier>(0x1fa7a38f, 0x54edbe0b)</Identifier>
					<Value>99.000000</Value>
				</Attribute>
				<Attribute>
					<Identifier>(0x207c9054, 0x3c841b63)</Identifier>
					<Value>288.000000</Value>
				</Attribute>
				<Attribute>
					<Identifier>(0x30a4e5c9, 0x83502953)</Identifier>
					<Value></Value>
				</Attribute>
				<Attribute>
					<Identifier>(0x4e7b798a, 0x183beafb)</Identifier>
					<Value>(0x277826e1, 0xa30a3bd0)</Value>
				</Attribute>
				<Attribute>
					<Identifier>(0x527ad68d, 0x16d746a0)</Identifier>
					<Value></Value>
				</Attribute>
				<Attribute>
					<Identifier>(0xc46b3d00, 0x3e0454e1)</Identifier>
					<Value>(0x00000000, 0x00f25a1f)</Value>
				</Attribute>
				<Attribute>
					<Identifier>(0xc73e83ec, 0xf855c5bc)</Identifier>
					<Value>false</Value>
				</Attribute>
				<Attribute>
					<Identifier>(0xc80ce8af, 0xf699f813)</Identifier>
					<Value>1</Value>
				</Attribute>
				<Attribute>
					<Identifier>(0xce18836a, 0x9c0eb403)</Identifier>
					<Value>3</Value>
				</Attribute>
				<Attribute>
					<Identifier>(0xcfad85b0, 0x7c6d841c)</Identifier>
					<Value>1</Value>
				</Attribute>
			</Attributes>
		</Box>
		<Box>
			<Identifier>(0x00001c1d, 0x00005925)</Identifier>
			<Name>Feature aggregator</Name>
			<AlgorithmClassIdentifier>(0x00682417, 0x453635f9)</AlgorithmClassIdentifier>
			<Inputs>
				<Input>
					<TypeIdentifier>(0x544a003e, 0x6dcba5f6)</TypeIdentifier>
					<Name>Input stream 1</Name>
				</Input>
			</Inputs>
			<Outputs>
				<Output>
					<TypeIdentifier>(0x17341935, 0x152ff448)</TypeIdentifier>
					<Name>Feature vector stream</Name>
				</Output>
			</Outputs>
			<Attributes>
				<Attribute>
					<Identifier>(0x1fa7a38f, 0x54edbe0b)</Identifier>
					<Value>435.000000</Value>
				</Attribute>
				<Attribute>
					<Identifier>(0x207c9054, 0x3c841b63)</Identifier>
					<Value>336.000000</Value>
				</Attribute>
				<Attribute>
					<Identifier>(0x4e7b798a, 0x183beafb)</Identifier>
					<Value>(0xb5d15cc9, 0x6c8c28fb)</Value>
				</Attribute>
				<Attribute>
					<Identifier>(0xc46b3d00, 0x3e0454e1)</Identifier>
					<Value>(0x00000000, 0x006759ac)</Value>
				</Attribute>
				<Attribute>
					<Identifier>(0xc80ce8af, 0xf699f813)</Identifier>
					<Value>1</Value>
				</Attribute>
				<Attribute>
					<Identifier>(0xcfad85b0, 0x7c6d841c)</Identifier>
					<Value>1</Value>
				</Attribute>
				<Attribute>
					<Identifier>(0xfba64161, 0x65304e21)</Identifier>
					<Value></Value>
				</Attribute>
			</Attributes>
		</Box>
		<Box>
			<Identifier>(0x000025d7, 0x000027f6)</Identifier>
			<Name>Target Card Generation</Name>
			<AlgorithmClassIdentifier>(0x0b5a2787, 0x02750621)</AlgorithmClassIdentifier>
			<Inputs>
				<Input>
					<TypeIdentifier>(0x6f752dd0, 0x082a321e)</TypeIdentifier>
					<Name>New input</Name>
				</Input>
			</Inputs>
			<Outputs>
				<Output>
					<TypeIdentifier>(0x6f752dd0, 0x082a321e)</TypeIdentifier>
					<Name>Stimulations</Name>
				</Output>
			</Outputs>
			<Settings>
				<Setting>
					<TypeIdentifier>(0xb0d0db45, 0x49cbc34a)</TypeIdentifier>
					<Name>Lua Script</Name>
					<DefaultValue></DefaultValue>
					<Value>${Player_ScenarioDirectory}/p300-magic-card-stimulations-targets.lua</Value>
					<Modifiability>false</Modifiability>
				</Setting>
				<Setting>
					<TypeIdentifier>(0x007deef9, 0x2f3e95c6)</TypeIdentifier>
					<Name>Card Count</Name>
					<DefaultValue>12</DefaultValue>
					<Value>12</Value>
					<Modifiability>false</Modifiability>
				</Setting>
				<Setting>
					<TypeIdentifier>(0x2c132d6e, 0x44ab0d97)</TypeIdentifier>
					<Name>Stimulation Base</Name>
					<DefaultValue>OVTK_StimulationId_Label_01</DefaultValue>
					<Value>OVTK_StimulationId_Label_01</Value>
					<Modifiability>false</Modifiability>
				</Setting>
				<Setting>
					<TypeIdentifier>(0x512a166f, 0x5c3ef83f)</TypeIdentifier>
					<Name>Delay Before Sending (in sec)</Name>
					<DefaultValue>2</DefaultValue>
					<Value>2</Value>
					<Modifiability>false</Modifiability>
				</Setting>
			</Settings>
			<Attributes>
				<Attribute>
					<Identifier>(0x17ee7c08, 0x94c14893)</Identifier>
					<Value></Value>
				</Attribute>
				<Attribute>
					<Identifier>(0x1fa7a38f, 0x54edbe0b)</Identifier>
					<Value>659.000000</Value>
				</Attribute>
				<Attribute>
					<Identifier>(0x207c9054, 0x3c841b63)</Identifier>
					<Value>256.000000</Value>
				</Attribute>
				<Attribute>
					<Identifier>(0x4e7b798a, 0x183beafb)</Identifier>
					<Value>(0xd6e3f48b, 0xbee3523a)</Value>
				</Attribute>
				<Attribute>
					<Identifier>(0x61d11811, 0x71e65362)</Identifier>
					<Value></Value>
				</Attribute>
				<Attribute>
					<Identifier>(0xc46b3d00, 0x3e0454e1)</Identifier>
					<Value>(0x00000000, 0x0839abee)</Value>
				</Attribute>
				<Attribute>
					<Identifier>(0xc80ce8af, 0xf699f813)</Identifier>
					<Value>1</Value>
				</Attribute>
				<Attribute>
					<Identifier>(0xce18836a, 0x9c0eb403)</Identifier>
					<Value>1</Value>
				</Attribute>
				<Attribute>
					<Identifier>(0xf191c1c8, 0xa0123976)</Identifier>
					<Value></Value>
				</Attribute>
				<Attribute>
					<Identifier>(0xfba64161, 0x65304e21)</Identifier>
					<Value></Value>
				</Attribute>
			</Attributes>
		</Box>
		<Box>
			<Identifier>(0x00002abc, 0x000064b8)</Identifier>
			<Name>Epoch average</Name>
			<AlgorithmClassIdentifier>(0x21283d9f, 0xe76ff640)</AlgorithmClassIdentifier>
			<Inputs>
				<Input>
					<TypeIdentifier>(0x5ba36127, 0x195feae1)</TypeIdentifier>
					<Name>Input epochs</Name>
				</Input>
			</Inputs>
			<Outputs>
				<Output>
					<TypeIdentifier>(0x5ba36127, 0x195feae1)</TypeIdentifier>
					<Name>Averaged epochs</Name>
				</Output>
			</Outputs>
			<Settings>
				<Setting>
					<TypeIdentifier>(0x6530bdb1, 0xd057bbfe)</TypeIdentifier>
					<Name>Averaging type</Name>
					<DefaultValue>Moving epoch average</DefaultValue>
					<Value>Epoch block average</Value>
					<Modifiability>false</Modifiability>
				</Setting>
				<Setting>
					<TypeIdentifier>(0x007deef9, 0x2f3e95c6)</TypeIdentifier>
					<Name>Epoch count</Name>
					<DefaultValue>4</DefaultValue>
					<Value>1</Value>
					<Modifiability>false</Modifiability>
				</Setting>
			</Settings>
			<Attributes>
				<Attribute>
					<Identifier>(0x1fa7a38f, 0x54edbe0b)</Identifier>
					<Value>368</Value>
				</Attribute>
				<Attribute>
					<Identifier>(0x207c9054, 0x3c841b63)</Identifier>
					<Value>336</Value>
				</Attribute>
				<Attribute>
					<Identifier>(0x30a4e5c9, 0x83502953)</Identifier>
					<Value></Value>
				</Attribute>
				<Attribute>
					<Identifier>(0x4e7b798a, 0x183beafb)</Identifier>
					<Value>(0xb73cee83, 0xf7215d60)</Value>
				</Attribute>
				<Attribute>
					<Identifier>(0x527ad68d, 0x16d746a0)</Identifier>
					<Value></Value>
				</Attribute>
				<Attribute>
					<Identifier>(0xc80ce8af, 0xf699f813)</Identifier>
					<Value>1</Value>
				</Attribute>
				<Attribute>
					<Identifier>(0xce18836a, 0x9c0eb403)</Identifier>
					<Value>2</Value>
				</Attribute>
				<Attribute>
					<Identifier>(0xcfad85b0, 0x7c6d841c)</Identifier>
					<Value>1</Value>
				</Attribute>
			</Attributes>
		</Box>
		<Box>
			<Identifier>(0x00002c9d, 0x00004ec3)</Identifier>
			<Name>P300 Speller Stimulator</Name>
			<AlgorithmClassIdentifier>(0x88857f9a, 0xf560d3eb)</AlgorithmClassIdentifier>
			<Inputs>
				<Input>
					<TypeIdentifier>(0x6f752dd0, 0x082a321e)</TypeIdentifier>
					<Name>Incoming stimulations</Name>
				</Input>
			</Inputs>
			<Outputs>
				<Output>
					<TypeIdentifier>(0x6f752dd0, 0x082a321e)</TypeIdentifier>
					<Name>Produced stimulations</Name>
				</Output>
			</Outputs>
			<Settings>
				<Setting>
					<TypeIdentifier>(0x2c132d6e, 0x44ab0d97)</TypeIdentifier>
					<Name>Start stimulation</Name>
					<DefaultValue>OVTK_StimulationId_Label_00</DefaultValue>
					<Value>OVTK_StimulationId_Label_00</Value>
					<Modifiability>false</Modifiability>
				</Setting>
				<Setting>
					<TypeIdentifier>(0x2c132d6e, 0x44ab0d97)</TypeIdentifier>
					<Name>Row stimulation base</Name>
					<DefaultValue>OVTK_StimulationId_Label_01</DefaultValue>
					<Value>OVTK_StimulationId_Label_01</Value>
					<Modifiability>false</Modifiability>
				</Setting>
				<Setting>
					<TypeIdentifier>(0x2c132d6e, 0x44ab0d97)</TypeIdentifier>
					<Name>Column stimulation base</Name>
					<DefaultValue>OVTK_StimulationId_Label_07</DefaultValue>
					<Value>OVTK_StimulationId_Label_07</Value>
					<Modifiability>false</Modifiability>
				</Setting>
				<Setting>
					<TypeIdentifier>(0x007deef9, 0x2f3e95c6)</TypeIdentifier>
					<Name>Number of rows</Name>
					<DefaultValue>6</DefaultValue>
					<Value>6</Value>
					<Modifiability>false</Modifiability>
				</Setting>
				<Setting>
					<TypeIdentifier>(0x007deef9, 0x2f3e95c6)</TypeIdentifier>
					<Name>Number of columns</Name>
					<DefaultValue>6</DefaultValue>
					<Value>6</Value>
					<Modifiability>false</Modifiability>
				</Setting>
				<Setting>
					<TypeIdentifier>(0x007deef9, 0x2f3e95c6)</TypeIdentifier>
					<Name>Number of repetitions</Name>
					<DefaultValue>5</DefaultValue>
					<Value>12</Value>
					<Modifiability>false</Modifiability>
				</Setting>
				<Setting>
					<TypeIdentifier>(0x007deef9, 0x2f3e95c6)</TypeIdentifier>
					<Name>Number of trials</Name>
					<DefaultValue>5</DefaultValue>
					<Value>10</Value>
					<Modifiability>false</Modifiability>
				</Setting>
				<Setting>
					<TypeIdentifier>(0x512a166f, 0x5c3ef83f)</TypeIdentifier>
					<Name>Flash duration (in sec)</Name>
					<DefaultValue>0.075</DefaultValue>
					<Value>0.200000</Value>
					<Modifiability>false</Modifiability>
				</Setting>
				<Setting>
					<TypeIdentifier>(0x512a166f, 0x5c3ef83f)</TypeIdentifier>
					<Name>No flash duration (in sec)</Name>
					<DefaultValue>0.125</DefaultValue>
					<Value>0.100000</Value>
					<Modifiability>false</Modifiability>
				</Setting>
				<Setting>
					<TypeIdentifier>(0x512a166f, 0x5c3ef83f)</TypeIdentifier>
					<Name>Inter-repetition delay (in sec)</Name>
					<DefaultValue>1</DefaultValue>
					<Value>1.000000</Value>
					<Modifiability>false</Modifiability>
				</Setting>
				<Setting>
					<TypeIdentifier>(0x512a166f, 0x5c3ef83f)</TypeIdentifier>
					<Name>Inter-trial delay (in sec)</Name>
					<DefaultValue>2</DefaultValue>
					<Value>3.000000</Value>
					<Modifiability>false</Modifiability>
				</Setting>
				<Setting>
					<TypeIdentifier>(0x2cdb2f0b, 0x12f231ea)</TypeIdentifier>
					<Name>Avoid neighbor flashing</Name>
					<DefaultValue>false</DefaultValue>
					<Value>false</Value>
					<Modifiability>false</Modifiability>
				</Setting>
			</Settings>
			<Attributes>
				<Attribute>
					<Identifier>(0x1fa7a38f, 0x54edbe0b)</Identifier>
					<Value>579.000000</Value>
				</Attribute>
				<Attribute>
					<Identifier>(0x207c9054, 0x3c841b63)</Identifier>
					<Value>128.000000</Value>
				</Attribute>
				<Attribute>
					<Identifier>(0x4e7b798a, 0x183beafb)</Identifier>
					<Value>(0x8137c905, 0x9ae4ae4b)</Value>
				</Attribute>
				<Attribute>
					<Identifier>(0xc46b3d00, 0x3e0454e1)</Identifier>
					<Value>(0x00000000, 0x0470435c)</Value>
				</Attribute>
			</Attributes>
		</Box>
		<Box>
			<Identifier>(0x0000445b, 0x000068e3)</Identifier>
			<Name>P300 accumulator</Name>
			<AlgorithmClassIdentifier>(0x0b5a2787, 0x02750621)</AlgorithmClassIdentifier>
			<Inputs>
				<Input>
					<TypeIdentifier>(0x6f752dd0, 0x082a321e)</TypeIdentifier>
					<Name>New input</Name>
				</Input>
				<Input>
					<TypeIdentifier>(0x6f752dd0, 0x082a321e)</TypeIdentifier>
					<Name>New input</Name>
				</Input>
			</Inputs>
			<Outputs>
				<Output>
					<TypeIdentifier>(0x6f752dd0, 0x082a321e)</TypeIdentifier>
					<Name>Stimulations</Name>
				</Output>
			</Outputs>
			<Settings>
				<Setting>
					<TypeIdentifier>(0xb0d0db45, 0x49cbc34a)</TypeIdentifier>
					<Name>Lua Script</Name>
					<DefaultValue></DefaultValue>
					<Value>${Player_ScenarioDirectory}/p300-magic-card-accumulator.lua</Value>
					<Modifiability>false</Modifiability>
				</Setting>
				<Setting>
					<TypeIdentifier>(0x2c132d6e, 0x44ab0d97)</TypeIdentifier>
					<Name>Card stimulation base</Name>
					<DefaultValue>OVTK_StimulationId_Label_01</DefaultValue>
					<Value>OVTK_StimulationId_Label_01</Value>
					<Modifiability>false</Modifiability>
				</Setting>
				<Setting>
					<TypeIdentifier>(0x2c132d6e, 0x44ab0d97)</TypeIdentifier>
					<Name>Segment start</Name>
					<DefaultValue>OVTK_StimulationId_SegmentStart</DefaultValue>
					<Value>OVTK_StimulationId_TrialStart</Value>
					<Modifiability>false</Modifiability>
				</Setting>
				<Setting>
					<TypeIdentifier>(0x2c132d6e, 0x44ab0d97)</TypeIdentifier>
					<Name>Segment stop</Name>
					<DefaultValue>OVTK_StimulationId_SegmentStop</DefaultValue>
					<Value>OVTK_StimulationId_TrialStop</Value>
					<Modifiability>false</Modifiability>
				</Setting>
			</Settings>
			<Attributes>
				<Attribute>
					<Identifier>(0x17ee7c08, 0x94c14893)</Identifier>
					<Value></Value>
				</Attribute>
				<Attribute>
					<Identifier>(0x1fa7a38f, 0x54edbe0b)</Identifier>
					<Value>595.000000</Value>
				</Attribute>
				<Attribute>
					<Identifier>(0x207c9054, 0x3c841b63)</Identifier>
					<Value>528.000000</Value>
				</Attribute>
				<Attribute>
					<Identifier>(0x4e7b798a, 0x183beafb)</Identifier>
					<Value>(0xd6e3f48b, 0xbee3523a)</Value>
				</Attribute>
				<Attribute>
					<Identifier>(0x61d11811, 0x71e65362)</Identifier>
					<Value></Value>
				</Attribute>
				<Attribute>
					<Identifier>(0xc46b3d00, 0x3e0454e1)</Identifier>
					<Value>(0x00000000, 0x06d13944)</Value>
				</Attribute>
				<Attribute>
					<Identifier>(0xc73e83ec, 0xf855c5bc)</Identifier>
					<Value>false</Value>
				</Attribute>
				<Attribute>
					<Identifier>(0xc80ce8af, 0xf699f813)</Identifier>
					<Value>1</Value>
				</Attribute>
				<Attribute>
					<Identifier>(0xce18836a, 0x9c0eb403)</Identifier>
					<Value>1</Value>
				</Attribute>
				<Attribute>
					<Identifier>(0xf191c1c8, 0xa0123976)</Identifier>
					<Value></Value>
				</Attribute>
				<Attribute>
					<Identifier>(0xfba64161, 0x65304e21)</Identifier>
					<Value></Value>
				</Attribute>
			</Attributes>
		</Box>
		<Box>
			<Identifier>(0x00004535, 0x00003b18)</Identifier>
			<Name>Generic stream writer</Name>
			<AlgorithmClassIdentifier>(0x09c92218, 0x7c1216f8)</AlgorithmClassIdentifier>
			<Inputs>
				<Input>
					<TypeIdentifier>(0x403488e7, 0x565d70b6)</TypeIdentifier>
					<Name>Input stream 1</Name>
				</Input>
				<Input>
					<TypeIdentifier>(0x5ba36127, 0x195feae1)</TypeIdentifier>
					<Name>Input stream 2</Name>
				</Input>
				<Input>
					<TypeIdentifier>(0x6f752dd0, 0x082a321e)</TypeIdentifier>
					<Name>Input stream 3</Name>
				</Input>
			</Inputs>
			<Settings>
				<Setting>
					<TypeIdentifier>(0x330306dd, 0x74a95f98)</TypeIdentifier>
					<Name>Filename</Name>
					<DefaultValue></DefaultValue>
					<Value>${Player_ScenarioDirectory}/signals/current-[$core{date}-$core{time}].ov</Value>
					<Modifiability>false</Modifiability>
				</Setting>
				<Setting>
					<TypeIdentifier>(0x2cdb2f0b, 0x12f231ea)</TypeIdentifier>
					<Name>Use compression</Name>
					<DefaultValue>false</DefaultValue>
					<Value>false</Value>
					<Modifiability>false</Modifiability>
				</Setting>
			</Settings>
			<Attributes>
				<Attribute>
					<Identifier>(0x1fa7a38f, 0x54edbe0b)</Identifier>
					<Value>-13.000000</Value>
				</Attribute>
				<Attribute>
					<Identifier>(0x207c9054, 0x3c841b63)</Identifier>
					<Value>480.000000</Value>
				</Attribute>
				<Attribute>
					<Identifier>(0x4e7b798a, 0x183beafb)</Identifier>
					<Value>(0x89a08108, 0xc8d1fac1)</Value>
				</Attribute>
				<Attribute>
					<Identifier>(0x527ad68d, 0x16d746a0)</Identifier>
					<Value></Value>
				</Attribute>
				<Attribute>
					<Identifier>(0xc46b3d00, 0x3e0454e1)</Identifier>
					<Value>(0x00000000, 0x018a32e4)</Value>
				</Attribute>
				<Attribute>
					<Identifier>(0xfba64161, 0x65304e21)</Identifier>
					<Value></Value>
				</Attribute>
			</Attributes>
		</Box>
		<Box>
			<Identifier>(0x000046f3, 0x00007b73)</Identifier>
			<Name>Signal Decimation</Name>
			<AlgorithmClassIdentifier>(0x012f4bea, 0x3be37c66)</AlgorithmClassIdentifier>
			<Inputs>
				<Input>
					<TypeIdentifier>(0x5ba36127, 0x195feae1)</TypeIdentifier>
					<Name>Input signal</Name>
				</Input>
			</Inputs>
			<Outputs>
				<Output>
					<TypeIdentifier>(0x5ba36127, 0x195feae1)</TypeIdentifier>
					<Name>Output signal</Name>
				</Output>
			</Outputs>
			<Settings>
				<Setting>
					<TypeIdentifier>(0x007deef9, 0x2f3e95c6)</TypeIdentifier>
					<Name>Decimation factor</Name>
					<DefaultValue>8</DefaultValue>
					<Value>4</Value>
					<Modifiability>false</Modifiability>
				</Setting>
			</Settings>
			<Attributes>
				<Attribute>
					<Identifier>(0x1fa7a38f, 0x54edbe0b)</Identifier>
					<Value>211.000000</Value>
				</Attribute>
				<Attribute>
					<Identifier>(0x207c9054, 0x3c841b63)</Identifier>
					<Value>272.000000</Value>
				</Attribute>
				<Attribute>
					<Identifier>(0x4e7b798a, 0x183beafb)</Identifier>
					<Value>(0x5082af41, 0xd0fbf4cb)</Value>
				</Attribute>
				<Attribute>
					<Identifier>(0xc46b3d00, 0x3e0454e1)</Identifier>
					<Value>(0x00000000, 0x00f6273e)</Value>
				</Attribute>
			</Attributes>
		</Box>
		<Box>
			<Identifier>(0x00004f1d, 0x0000163c)</Identifier>
			<Name>Acquisition client</Name>
			<AlgorithmClassIdentifier>(0x35d225cb, 0x3e6e3a5f)</AlgorithmClassIdentifier>
			<Outputs>
				<Output>
					<TypeIdentifier>(0x403488e7, 0x565d70b6)</TypeIdentifier>
					<Name>Experiment information</Name>
				</Output>
				<Output>
					<TypeIdentifier>(0x5ba36127, 0x195feae1)</TypeIdentifier>
					<Name>Signal stream</Name>
				</Output>
				<Output>
					<TypeIdentifier>(0x6f752dd0, 0x082a321e)</TypeIdentifier>
					<Name>Stimulations</Name>
				</Output>
				<Output>
					<TypeIdentifier>(0x013df452, 0xa3a8879a)</TypeIdentifier>
					<Name>Channel localisation</Name>
				</Output>
				<Output>
					<TypeIdentifier>(0x6ab26b81, 0x0f8c02f3)</TypeIdentifier>
					<Name>Channel units</Name>
				</Output>
			</Outputs>
			<Settings>
				<Setting>
					<TypeIdentifier>(0x79a9edeb, 0x245d83fc)</TypeIdentifier>
					<Name>Acquisition server hostname</Name>
					<DefaultValue>${AcquisitionServer_HostName}</DefaultValue>
					<Value>${AcquisitionServer_HostName}</Value>
					<Modifiability>false</Modifiability>
				</Setting>
				<Setting>
					<TypeIdentifier>(0x007deef9, 0x2f3e95c6)</TypeIdentifier>
					<Name>Acquisition server port</Name>
					<DefaultValue>1024</DefaultValue>
					<Value>1024</Value>
					<Modifiability>false</Modifiability>
				</Setting>
			</Settings>
			<Attributes>
				<Attribute>
					<Identifier>(0x1fa7a38f, 0x54edbe0b)</Identifier>
					<Value>-125.000000</Value>
				</Attribute>
				<Attribute>
					<Identifier>(0x207c9054, 0x3c841b63)</Identifier>
					<Value>336.000000</Value>
				</Attribute>
				<Attribute>
					<Identifier>(0x4e7b798a, 0x183beafb)</Identifier>
					<Value>(0x0d4656c0, 0xc95b1fa8)</Value>
				</Attribute>
				<Attribute>
					<Identifier>(0xc46b3d00, 0x3e0454e1)</Identifier>
					<Value>(0x00000000, 0x01d2285e)</Value>
				</Attribute>
			</Attributes>
		</Box>
		<Box>
			<Identifier>(0x00005af6, 0x00007fb7)</Identifier>
			<Name>Temporal filter</Name>
			<AlgorithmClassIdentifier>(0xb4f9d042, 0x9d79f2e5)</AlgorithmClassIdentifier>
			<Inputs>
				<Input>
					<TypeIdentifier>(0x5ba36127, 0x195feae1)</TypeIdentifier>
					<Name>Input signal</Name>
				</Input>
			</Inputs>
			<Outputs>
				<Output>
					<TypeIdentifier>(0x5ba36127, 0x195feae1)</TypeIdentifier>
					<Name>Filtered signal</Name>
				</Output>
			</Outputs>
			<Settings>
				<Setting>
					<TypeIdentifier>(0x2f2c606c, 0x8512ed68)</TypeIdentifier>
					<Name>Filter method</Name>
					<DefaultValue>Butterworth</DefaultValue>
					<Value>Butterworth</Value>
					<Modifiability>false</Modifiability>
				</Setting>
				<Setting>
					<TypeIdentifier>(0xfa20178e, 0x4cba62e9)</TypeIdentifier>
					<Name>Filter type</Name>
					<DefaultValue>Low pass</DefaultValue>
					<Value>Band pass</Value>
					<Modifiability>false</Modifiability>
				</Setting>
				<Setting>
					<TypeIdentifier>(0x007deef9, 0x2f3e95c6)</TypeIdentifier>
					<Name>Filter order</Name>
					<DefaultValue>4</DefaultValue>
					<Value>4</Value>
					<Modifiability>false</Modifiability>
				</Setting>
				<Setting>
					<TypeIdentifier>(0x512a166f, 0x5c3ef83f)</TypeIdentifier>
					<Name>Low cut frequency (Hz)</Name>
					<DefaultValue>29</DefaultValue>
					<Value>1.000000</Value>
					<Modifiability>false</Modifiability>
				</Setting>
				<Setting>
					<TypeIdentifier>(0x512a166f, 0x5c3ef83f)</TypeIdentifier>
					<Name>High cut frequency (Hz)</Name>
					<DefaultValue>40</DefaultValue>
					<Value>20.000000</Value>
					<Modifiability>false</Modifiability>
				</Setting>
				<Setting>
					<TypeIdentifier>(0x512a166f, 0x5c3ef83f)</TypeIdentifier>
					<Name>Pass band ripple (dB)</Name>
					<DefaultValue>0.5</DefaultValue>
					<Value>0.500000</Value>
					<Modifiability>false</Modifiability>
				</Setting>
			</Settings>
			<Attributes>
				<Attribute>
					<Identifier>(0x1fa7a38f, 0x54edbe0b)</Identifier>
					<Value>163.000000</Value>
				</Attribute>
				<Attribute>
					<Identifier>(0x207c9054, 0x3c841b63)</Identifier>
					<Value>272.000000</Value>
				</Attribute>
				<Attribute>
					<Identifier>(0x4e7b798a, 0x183beafb)</Identifier>
					<Value>(0x27a4ceec, 0x876d6384)</Value>
				</Attribute>
				<Attribute>
					<Identifier>(0xc46b3d00, 0x3e0454e1)</Identifier>
					<Value>(0x00000000, 0x0169e3c3)</Value>
				</Attribute>
			</Attributes>
		</Box>
		<Box>
			<Identifier>(0x000067b7, 0x00007638)</Identifier>
			<Name>Identity</Name>
			<AlgorithmClassIdentifier>(0x5dffe431, 0x35215c50)</AlgorithmClassIdentifier>
			<Inputs>
				<Input>
					<TypeIdentifier>(0x6f752dd0, 0x082a321e)</TypeIdentifier>
					<Name>Input stream</Name>
				</Input>
			</Inputs>
			<Outputs>
				<Output>
					<TypeIdentifier>(0x6f752dd0, 0x082a321e)</TypeIdentifier>
					<Name>Output stream</Name>
				</Output>
			</Outputs>
			<Attributes>
				<Attribute>
					<Identifier>(0x17ee7c08, 0x94c14893)</Identifier>
					<Value></Value>
				</Attribute>
				<Attribute>
					<Identifier>(0x1fa7a38f, 0x54edbe0b)</Identifier>
					<Value>144</Value>
				</Attribute>
				<Attribute>
					<Identifier>(0x207c9054, 0x3c841b63)</Identifier>
					<Value>576</Value>
				</Attribute>
				<Attribute>
					<Identifier>(0x30a4e5c9, 0x83502953)</Identifier>
					<Value></Value>
				</Attribute>
				<Attribute>
					<Identifier>(0x4e7b798a, 0x183beafb)</Identifier>
					<Value>(0xa8ffe2a3, 0x27038f03)</Value>
				</Attribute>
				<Attribute>
					<Identifier>(0x527ad68d, 0x16d746a0)</Identifier>
					<Value></Value>
				</Attribute>
				<Attribute>
					<Identifier>(0xc80ce8af, 0xf699f813)</Identifier>
					<Value>1</Value>
				</Attribute>
				<Attribute>
					<Identifier>(0xcfad85b0, 0x7c6d841c)</Identifier>
					<Value>1</Value>
				</Attribute>
				<Attribute>
					<Identifier>(0xfba64161, 0x65304e21)</Identifier>
					<Value></Value>
				</Attribute>
			</Attributes>
		</Box>
		<Box>
			<Identifier>(0x00006874, 0x00002b34)</Identifier>
			<Name>Stimulation based epoching</Name>
			<AlgorithmClassIdentifier>(0x426163d1, 0x324237b0)</AlgorithmClassIdentifier>
			<Inputs>
				<Input>
					<TypeIdentifier>(0x5ba36127, 0x195feae1)</TypeIdentifier>
					<Name>Input signal</Name>
				</Input>
				<Input>
					<TypeIdentifier>(0x6f752dd0, 0x082a321e)</TypeIdentifier>
					<Name>Input stimulations</Name>
				</Input>
			</Inputs>
			<Outputs>
				<Output>
					<TypeIdentifier>(0x5ba36127, 0x195feae1)</TypeIdentifier>
					<Name>Epoched signal</Name>
				</Output>
			</Outputs>
			<Settings>
				<Setting>
					<TypeIdentifier>(0x512a166f, 0x5c3ef83f)</TypeIdentifier>
					<Name>Epoch duration (in sec)</Name>
					<DefaultValue>1</DefaultValue>
					<Value>0.6</Value>
					<Modifiability>false</Modifiability>
				</Setting>
				<Setting>
					<TypeIdentifier>(0x512a166f, 0x5c3ef83f)</TypeIdentifier>
					<Name>Epoch offset (in sec)</Name>
					<DefaultValue>0.5</DefaultValue>
					<Value>0</Value>
					<Modifiability>false</Modifiability>
				</Setting>
				<Setting>
					<TypeIdentifier>(0x2c132d6e, 0x44ab0d97)</TypeIdentifier>
					<Name>Stimulation to epoch from</Name>
					<DefaultValue>OVTK_StimulationId_Label_00</DefaultValue>
					<Value>OVTK_StimulationId_VisualStimulationStart</Value>
					<Modifiability>false</Modifiability>
				</Setting>
			</Settings>
			<Attributes>
				<Attribute>
					<Identifier>(0x1fa7a38f, 0x54edbe0b)</Identifier>
					<Value>304</Value>
				</Attribute>
				<Attribute>
					<Identifier>(0x207c9054, 0x3c841b63)</Identifier>
					<Value>384</Value>
				</Attribute>
				<Attribute>
					<Identifier>(0x4e7b798a, 0x183beafb)</Identifier>
					<Value>(0xa79941ae, 0x80708445)</Value>
				</Attribute>
				<Attribute>
					<Identifier>(0xc80ce8af, 0xf699f813)</Identifier>
					<Value>1</Value>
				</Attribute>
				<Attribute>
					<Identifier>(0xce18836a, 0x9c0eb403)</Identifier>
					<Value>3</Value>
				</Attribute>
				<Attribute>
					<Identifier>(0xcfad85b0, 0x7c6d841c)</Identifier>
					<Value>2</Value>
				</Attribute>
			</Attributes>
		</Box>
		<Box>
			<Identifier>(0x5c153f57, 0x0936c9ef)</Identifier>
			<Name>Classifier processor</Name>
			<AlgorithmClassIdentifier>(0x5fe23d17, 0x95b0452c)</AlgorithmClassIdentifier>
			<Inputs>
				<Input>
					<TypeIdentifier>(0x17341935, 0x152ff448)</TypeIdentifier>
					<Name>Features</Name>
				</Input>
				<Input>
					<TypeIdentifier>(0x6f752dd0, 0x082a321e)</TypeIdentifier>
					<Name>Commands</Name>
				</Input>
			</Inputs>
			<Outputs>
				<Output>
					<TypeIdentifier>(0x6f752dd0, 0x082a321e)</TypeIdentifier>
					<Name>Labels</Name>
				</Output>
				<Output>
					<TypeIdentifier>(0x544a003e, 0x6dcba5f6)</TypeIdentifier>
					<Name>Hyperplane distance</Name>
				</Output>
				<Output>
					<TypeIdentifier>(0x544a003e, 0x6dcba5f6)</TypeIdentifier>
					<Name>Probability values</Name>
				</Output>
			</Outputs>
			<Settings>
				<Setting>
					<TypeIdentifier>(0x330306dd, 0x74a95f98)</TypeIdentifier>
					<Name>Filename to load configuration from</Name>
					<DefaultValue></DefaultValue>
					<Value>${Player_ScenarioDirectory}/p300-classifier.cfg</Value>
					<Modifiability>false</Modifiability>
				</Setting>
			</Settings>
			<Attributes>
				<Attribute>
					<Identifier>(0x1fa7a38f, 0x54edbe0b)</Identifier>
					<Value>499.000000</Value>
				</Attribute>
				<Attribute>
					<Identifier>(0x207c9054, 0x3c841b63)</Identifier>
					<Value>352.000000</Value>
				</Attribute>
				<Attribute>
					<Identifier>(0x4e7b798a, 0x183beafb)</Identifier>
					<Value>(0xa6c8e548, 0x9e3e405b)</Value>
				</Attribute>
				<Attribute>
					<Identifier>(0xc46b3d00, 0x3e0454e1)</Identifier>
					<Value>(0x00000000, 0x00816f00)</Value>
				</Attribute>
				<Attribute>
					<Identifier>(0xc73e83ec, 0xf855c5bc)</Identifier>
					<Value>false</Value>
				</Attribute>
				<Attribute>
					<Identifier>(0xc80ce8af, 0xf699f813)</Identifier>
					<Value>3</Value>
				</Attribute>
				<Attribute>
					<Identifier>(0xce18836a, 0x9c0eb403)</Identifier>
					<Value>1</Value>
				</Attribute>
				<Attribute>
					<Identifier>(0xcfad85b0, 0x7c6d841c)</Identifier>
					<Value>2</Value>
				</Attribute>
			</Attributes>
		</Box>
	</Boxes>
	<Links>
		<Link>
			<Identifier>(0x00000b2f, 0x0000525f)</Identifier>
			<Source>
				<BoxIdentifier>(0x00004f1d, 0x0000163c)</BoxIdentifier>
				<BoxOutputIndex>1</BoxOutputIndex>
			</Source>
			<Target>
				<BoxIdentifier>(0x00004535, 0x00003b18)</BoxIdentifier>
				<BoxInputIndex>1</BoxInputIndex>
			</Target>
		</Link>
		<Link>
			<Identifier>(0x000010b7, 0x000031ee)</Identifier>
			<Source>
				<BoxIdentifier>(0x00004f1d, 0x0000163c)</BoxIdentifier>
				<BoxOutputIndex>2</BoxOutputIndex>
			</Source>
			<Target>
				<BoxIdentifier>(0x00004535, 0x00003b18)</BoxIdentifier>
				<BoxInputIndex>2</BoxInputIndex>
			</Target>
		</Link>
		<Link>
			<Identifier>(0x0000205c, 0x00003b44)</Identifier>
			<Source>
				<BoxIdentifier>(0x00001c1d, 0x00005925)</BoxIdentifier>
				<BoxOutputIndex>0</BoxOutputIndex>
			</Source>
			<Target>
				<BoxIdentifier>(0x5c153f57, 0x0936c9ef)</BoxIdentifier>
				<BoxInputIndex>0</BoxInputIndex>
			</Target>
		</Link>
		<Link>
			<Identifier>(0x00002966, 0x00007215)</Identifier>
			<Source>
				<BoxIdentifier>(0x00004f1d, 0x0000163c)</BoxIdentifier>
				<BoxOutputIndex>1</BoxOutputIndex>
			</Source>
			<Target>
				<BoxIdentifier>(0x000016ac, 0x00007204)</BoxIdentifier>
				<BoxInputIndex>0</BoxInputIndex>
			</Target>
		</Link>
		<Link>
			<Identifier>(0x00002e62, 0x00003c46)</Identifier>
			<Source>
				<BoxIdentifier>(0x5c153f57, 0x0936c9ef)</BoxIdentifier>
				<BoxOutputIndex>0</BoxOutputIndex>
			</Source>
			<Target>
				<BoxIdentifier>(0x0000445b, 0x000068e3)</BoxIdentifier>
				<BoxInputIndex>0</BoxInputIndex>
			</Target>
		</Link>
		<Link>
			<Identifier>(0x00004020, 0x00004283)</Identifier>
			<Source>
				<BoxIdentifier>(0x000067b7, 0x00007638)</BoxIdentifier>
				<BoxOutputIndex>0</BoxOutputIndex>
			</Source>
			<Target>
				<BoxIdentifier>(0x00006874, 0x00002b34)</BoxIdentifier>
				<BoxInputIndex>1</BoxInputIndex>
			</Target>
		</Link>
		<Link>
			<Identifier>(0x000047ec, 0x000003c3)</Identifier>
			<Source>
				<BoxIdentifier>(0x000000ea, 0x000057a1)</BoxIdentifier>
				<BoxOutputIndex>0</BoxOutputIndex>
			</Source>
			<Target>
				<BoxIdentifier>(0x00002c9d, 0x00004ec3)</BoxIdentifier>
				<BoxInputIndex>0</BoxInputIndex>
			</Target>
		</Link>
		<Link>
			<Identifier>(0x000048c7, 0x0000530d)</Identifier>
			<Source>
				<BoxIdentifier>(0x00004f1d, 0x0000163c)</BoxIdentifier>
				<BoxOutputIndex>0</BoxOutputIndex>
			</Source>
			<Target>
				<BoxIdentifier>(0x00004535, 0x00003b18)</BoxIdentifier>
				<BoxInputIndex>0</BoxInputIndex>
			</Target>
		</Link>
		<Link>
			<Identifier>(0x00004d10, 0x00006f03)</Identifier>
			<Source>
				<BoxIdentifier>(0x000067b7, 0x00007638)</BoxIdentifier>
				<BoxOutputIndex>0</BoxOutputIndex>
			</Source>
			<Target>
				<BoxIdentifier>(0x0000445b, 0x000068e3)</BoxIdentifier>
				<BoxInputIndex>1</BoxInputIndex>
			</Target>
		</Link>
		<Link>
			<Identifier>(0x00005339, 0x000020a6)</Identifier>
			<Source>
				<BoxIdentifier>(0x00002c9d, 0x00004ec3)</BoxIdentifier>
				<BoxOutputIndex>0</BoxOutputIndex>
			</Source>
			<Target>
				<BoxIdentifier>(0x000011e6, 0x0000013f)</BoxIdentifier>
				<BoxInputIndex>0</BoxInputIndex>
			</Target>
		</Link>
		<Link>
			<Identifier>(0x0000593a, 0x00007147)</Identifier>
			<Source>
				<BoxIdentifier>(0x0000445b, 0x000068e3)</BoxIdentifier>
				<BoxOutputIndex>0</BoxOutputIndex>
			</Source>
			<Target>
				<BoxIdentifier>(0x000011e6, 0x0000013f)</BoxIdentifier>
				<BoxInputIndex>2</BoxInputIndex>
			</Target>
		</Link>
		<Link>
			<Identifier>(0x00005967, 0x00003678)</Identifier>
			<Source>
				<BoxIdentifier>(0x00006874, 0x00002b34)</BoxIdentifier>
				<BoxOutputIndex>0</BoxOutputIndex>
			</Source>
			<Target>
				<BoxIdentifier>(0x00002abc, 0x000064b8)</BoxIdentifier>
				<BoxInputIndex>0</BoxInputIndex>
			</Target>
		</Link>
		<Link>
			<Identifier>(0x00005c60, 0x00006c9d)</Identifier>
			<Source>
				<BoxIdentifier>(0x00004f1d, 0x0000163c)</BoxIdentifier>
				<BoxOutputIndex>2</BoxOutputIndex>
			</Source>
			<Target>
				<BoxIdentifier>(0x000067b7, 0x00007638)</BoxIdentifier>
				<BoxInputIndex>0</BoxInputIndex>
			</Target>
		</Link>
		<Link>
			<Identifier>(0x00006064, 0x00004e8d)</Identifier>
			<Source>
				<BoxIdentifier>(0x000016ac, 0x00007204)</BoxIdentifier>
				<BoxOutputIndex>0</BoxOutputIndex>
			</Source>
			<Target>
				<BoxIdentifier>(0x00005af6, 0x00007fb7)</BoxIdentifier>
				<BoxInputIndex>0</BoxInputIndex>
			</Target>
		</Link>
		<Link>
			<Identifier>(0x000063c3, 0x00005d47)</Identifier>
			<Source>
				<BoxIdentifier>(0x000046f3, 0x00007b73)</BoxIdentifier>
				<BoxOutputIndex>0</BoxOutputIndex>
			</Source>
			<Target>
				<BoxIdentifier>(0x00006874, 0x00002b34)</BoxIdentifier>
				<BoxInputIndex>0</BoxInputIndex>
			</Target>
		</Link>
		<Link>
			<Identifier>(0x00006875, 0x00000e10)</Identifier>
			<Source>
				<BoxIdentifier>(0x00002c9d, 0x00004ec3)</BoxIdentifier>
				<BoxOutputIndex>0</BoxOutputIndex>
			</Source>
			<Target>
				<BoxIdentifier>(0x000025d7, 0x000027f6)</BoxIdentifier>
				<BoxInputIndex>0</BoxInputIndex>
			</Target>
		</Link>
		<Link>
			<Identifier>(0x00006893, 0x000069fa)</Identifier>
			<Source>
				<BoxIdentifier>(0x00002abc, 0x000064b8)</BoxIdentifier>
				<BoxOutputIndex>0</BoxOutputIndex>
			</Source>
			<Target>
				<BoxIdentifier>(0x00001c1d, 0x00005925)</BoxIdentifier>
				<BoxInputIndex>0</BoxInputIndex>
			</Target>
		</Link>
		<Link>
			<Identifier>(0x00007b58, 0x00007e8b)</Identifier>
			<Source>
				<BoxIdentifier>(0x00005af6, 0x00007fb7)</BoxIdentifier>
				<BoxOutputIndex>0</BoxOutputIndex>
			</Source>
			<Target>
				<BoxIdentifier>(0x000046f3, 0x00007b73)</BoxIdentifier>
				<BoxInputIndex>0</BoxInputIndex>
			</Target>
		</Link>
		<Link>
			<Identifier>(0x00007ed6, 0x0000785b)</Identifier>
			<Source>
				<BoxIdentifier>(0x000025d7, 0x000027f6)</BoxIdentifier>
				<BoxOutputIndex>0</BoxOutputIndex>
			</Source>
			<Target>
				<BoxIdentifier>(0x000011e6, 0x0000013f)</BoxIdentifier>
				<BoxInputIndex>1</BoxInputIndex>
			</Target>
		</Link>
	</Links>
	<Comments>
		<Comment>
			<Identifier>(0x00007504, 0x00000aa5)</Identifier>
			<Text>P300 Magic Card

Online scenario using
previously trained classifier

Flashing will start after
20 secs</Text>
			<Attributes>
				<Attribute>
					<Identifier>(0x473d9a43, 0x97fc0a97)</Identifier>
					<Value>80.000000</Value>
				</Attribute>
				<Attribute>
					<Identifier>(0x7234b86b, 0x2b8651a5)</Identifier>
					<Value>-48.000000</Value>
				</Attribute>
			</Attributes>
		</Comment>
	</Comments>
	<Metadata>
		<Entry>
			<Identifier>(0x0000284a, 0x00004ea9)</Identifier>
			<Type>(0x3bcce5d2, 0x43f2d968)</Type>
			<Data>[{"boxIdentifier":"(0x000011e6, 0x0000013f)","childCount":0,"identifier":"(0x00007424, 0x00003375)","parentIdentifier":"(0xffffffff, 0xffffffff)","type":3}]</Data>
		</Entry>
	</Metadata>
	<Attributes>
		<Attribute>
			<Identifier>(0x4c90d4ad, 0x7a2554ec)</Identifier>
			<Value>903</Value>
		</Attribute>
		<Attribute>
			<Identifier>(0x790d75b8, 0x3bb90c33)</Identifier>
			<Value></Value>
		</Attribute>
		<Attribute>
			<Identifier>(0x7b814cca, 0x271df6dd)</Identifier>
			<Value>1111</Value>
		</Attribute>
		<Attribute>
			<Identifier>(0x8c1fc55b, 0x7b433dc2)</Identifier>
			<Value>1.0</Value>
		</Attribute>
		<Attribute>
			<Identifier>(0x9f5c4075, 0x4a0d3666)</Identifier>
			<Value>P300 Magic Card</Value>
		</Attribute>
		<Attribute>
			<Identifier>(0xf36a1567, 0xd13c53da)</Identifier>
			<Value></Value>
		</Attribute>
		<Attribute>
			<Identifier>(0xf6b2e3fa, 0x7bd43926)</Identifier>
			<Value>bci-examples</Value>
		</Attribute>
		<Attribute>
			<Identifier>(0xf8034a49, 0x8b3f37cc)</Identifier>
			<Value></Value>
		</Attribute>
	</Attributes>
</OpenViBE-Scenario>