<OpenViBE-Scenario>
	<FormatVersion>1</FormatVersion>
	<Creator>OpenViBE Designer</Creator>
	<CreatorVersion>2.1.0</CreatorVersion>
	<Settings></Settings>
	<Inputs></Inputs>
	<Outputs></Outputs>
	<Boxes>
		<Box>
			<Identifier>(0x0000033f, 0x000020d9)</Identifier>
			<Name>Generic stream reader</Name>
			<AlgorithmClassIdentifier>(0x6468099f, 0x0370095a)</AlgorithmClassIdentifier>
			<Outputs>
				<Output>
					<TypeIdentifier>(0x403488e7, 0x565d70b6)</TypeIdentifier>
					<Name>Output stream 1</Name>
				</Output>
				<Output>
					<TypeIdentifier>(0x5ba36127, 0x195feae1)</TypeIdentifier>
					<Name>Output stream 2</Name>
				</Output>
				<Output>
					<TypeIdentifier>(0x6f752dd0, 0x082a321e)</TypeIdentifier>
					<Name>Output stream 3</Name>
				</Output>
			</Outputs>
			<Settings>
				<Setting>
					<TypeIdentifier>(0x330306dd, 0x74a95f98)</TypeIdentifier>
					<Name>Filename</Name>
					<DefaultValue></DefaultValue>
					<Value>CHANGE_ME</Value>
					<Modifiability>false</Modifiability>
				</Setting>
			</Settings>
			<Attributes>
				<Attribute>
					<Identifier>(0x17ee7c08, 0x94c14893)</Identifier>
					<Value></Value>
				</Attribute>
				<Attribute>
					<Identifier>(0x1fa7a38f, 0x54edbe0b)</Identifier>
					<Value>-160.000000</Value>
				</Attribute>
				<Attribute>
					<Identifier>(0x207c9054, 0x3c841b63)</Identifier>
					<Value>496.000000</Value>
				</Attribute>
				<Attribute>
					<Identifier>(0x30a4e5c9, 0x83502953)</Identifier>
					<Value></Value>
				</Attribute>
				<Attribute>
					<Identifier>(0x4e7b798a, 0x183beafb)</Identifier>
					<Value>(0xf37b8e7a, 0x1bc33e4e)</Value>
				</Attribute>
				<Attribute>
					<Identifier>(0xc46b3d00, 0x3e0454e1)</Identifier>
					<Value>(0x00000000, 0x020d562a)</Value>
				</Attribute>
			</Attributes>
		</Box>
		<Box>
			<Identifier>(0x00004375, 0x000055be)</Identifier>
			<Name>Signal Decimation</Name>
			<AlgorithmClassIdentifier>(0x012f4bea, 0x3be37c66)</AlgorithmClassIdentifier>
			<Inputs>
				<Input>
					<TypeIdentifier>(0x5ba36127, 0x195feae1)</TypeIdentifier>
					<Name>Input signal</Name>
				</Input>
			</Inputs>
			<Outputs>
				<Output>
					<TypeIdentifier>(0x5ba36127, 0x195feae1)</TypeIdentifier>
					<Name>Output signal</Name>
				</Output>
			</Outputs>
			<Settings>
				<Setting>
					<TypeIdentifier>(0x007deef9, 0x2f3e95c6)</TypeIdentifier>
					<Name>Decimation factor</Name>
					<DefaultValue>8</DefaultValue>
					<Value>4</Value>
					<Modifiability>false</Modifiability>
				</Setting>
			</Settings>
			<Attributes>
				<Attribute>
					<Identifier>(0x1fa7a38f, 0x54edbe0b)</Identifier>
					<Value>64.000000</Value>
				</Attribute>
				<Attribute>
					<Identifier>(0x207c9054, 0x3c841b63)</Identifier>
					<Value>416.000000</Value>
				</Attribute>
				<Attribute>
					<Identifier>(0x4e7b798a, 0x183beafb)</Identifier>
					<Value>(0x5082af41, 0xd0fbf4cb)</Value>
				</Attribute>
				<Attribute>
					<Identifier>(0xc46b3d00, 0x3e0454e1)</Identifier>
					<Value>(0x00000000, 0x00f8f8a1)</Value>
				</Attribute>
			</Attributes>
		</Box>
		<Box>
			<Identifier>(0x0000554a, 0x000038d8)</Identifier>
			<Name>Identity</Name>
			<AlgorithmClassIdentifier>(0x5dffe431, 0x35215c50)</AlgorithmClassIdentifier>
			<Inputs>
				<Input>
					<TypeIdentifier>(0x6f752dd0, 0x082a321e)</TypeIdentifier>
					<Name>Input stream</Name>
				</Input>
			</Inputs>
			<Outputs>
				<Output>
					<TypeIdentifier>(0x6f752dd0, 0x082a321e)</TypeIdentifier>
					<Name>Output stream</Name>
				</Output>
			</Outputs>
			<Attributes>
				<Attribute>
					<Identifier>(0x17ee7c08, 0x94c14893)</Identifier>
					<Value></Value>
				</Attribute>
				<Attribute>
					<Identifier>(0x1fa7a38f, 0x54edbe0b)</Identifier>
					<Value>240</Value>
				</Attribute>
				<Attribute>
					<Identifier>(0x207c9054, 0x3c841b63)</Identifier>
					<Value>512</Value>
				</Attribute>
				<Attribute>
					<Identifier>(0x30a4e5c9, 0x83502953)</Identifier>
					<Value></Value>
				</Attribute>
				<Attribute>
					<Identifier>(0x4e7b798a, 0x183beafb)</Identifier>
					<Value>(0xa8ffe2a3, 0x27038f03)</Value>
				</Attribute>
				<Attribute>
					<Identifier>(0x527ad68d, 0x16d746a0)</Identifier>
					<Value></Value>
				</Attribute>
				<Attribute>
					<Identifier>(0xc80ce8af, 0xf699f813)</Identifier>
					<Value>1</Value>
				</Attribute>
				<Attribute>
					<Identifier>(0xcfad85b0, 0x7c6d841c)</Identifier>
					<Value>1</Value>
				</Attribute>
				<Attribute>
					<Identifier>(0xfba64161, 0x65304e21)</Identifier>
					<Value></Value>
				</Attribute>
			</Attributes>
		</Box>
		<Box>
			<Identifier>(0x00005c6a, 0x00006ccd)</Identifier>
			<Name>Stimulation based epoching</Name>
			<AlgorithmClassIdentifier>(0x426163d1, 0x324237b0)</AlgorithmClassIdentifier>
			<Inputs>
				<Input>
					<TypeIdentifier>(0x5ba36127, 0x195feae1)</TypeIdentifier>
					<Name>Input signal</Name>
				</Input>
				<Input>
					<TypeIdentifier>(0x6f752dd0, 0x082a321e)</TypeIdentifier>
					<Name>Input stimulations</Name>
				</Input>
			</Inputs>
			<Outputs>
				<Output>
					<TypeIdentifier>(0x5ba36127, 0x195feae1)</TypeIdentifier>
					<Name>Epoched signal</Name>
				</Output>
			</Outputs>
			<Settings>
				<Setting>
					<TypeIdentifier>(0x512a166f, 0x5c3ef83f)</TypeIdentifier>
					<Name>Epoch duration (in sec)</Name>
					<DefaultValue>1</DefaultValue>
					<Value>0.6</Value>
					<Modifiability>false</Modifiability>
				</Setting>
				<Setting>
					<TypeIdentifier>(0x512a166f, 0x5c3ef83f)</TypeIdentifier>
					<Name>Epoch offset (in sec)</Name>
					<DefaultValue>0.5</DefaultValue>
					<Value>0</Value>
					<Modifiability>false</Modifiability>
				</Setting>
				<Setting>
					<TypeIdentifier>(0x2c132d6e, 0x44ab0d97)</TypeIdentifier>
					<Name>Stimulation to epoch from</Name>
					<DefaultValue>OVTK_StimulationId_Label_00</DefaultValue>
					<Value>OVTK_StimulationId_Target</Value>
					<Modifiability>false</Modifiability>
				</Setting>
			</Settings>
			<Attributes>
				<Attribute>
					<Identifier>(0x1fa7a38f, 0x54edbe0b)</Identifier>
					<Value>320</Value>
				</Attribute>
				<Attribute>
					<Identifier>(0x207c9054, 0x3c841b63)</Identifier>
					<Value>400</Value>
				</Attribute>
				<Attribute>
					<Identifier>(0x4e7b798a, 0x183beafb)</Identifier>
					<Value>(0xa79941ae, 0x80708445)</Value>
				</Attribute>
				<Attribute>
					<Identifier>(0xc80ce8af, 0xf699f813)</Identifier>
					<Value>1</Value>
				</Attribute>
				<Attribute>
					<Identifier>(0xce18836a, 0x9c0eb403)</Identifier>
					<Value>3</Value>
				</Attribute>
				<Attribute>
					<Identifier>(0xcfad85b0, 0x7c6d841c)</Identifier>
					<Value>2</Value>
				</Attribute>
			</Attributes>
		</Box>
		<Box>
			<Identifier>(0x00005c6a, 0x00006cce)</Identifier>
			<Name>Stimulation based epoching</Name>
			<AlgorithmClassIdentifier>(0x426163d1, 0x324237b0)</AlgorithmClassIdentifier>
			<Inputs>
				<Input>
					<TypeIdentifier>(0x5ba36127, 0x195feae1)</TypeIdentifier>
					<Name>Input signal</Name>
				</Input>
				<Input>
					<TypeIdentifier>(0x6f752dd0, 0x082a321e)</TypeIdentifier>
					<Name>Input stimulations</Name>
				</Input>
			</Inputs>
			<Outputs>
				<Output>
					<TypeIdentifier>(0x5ba36127, 0x195feae1)</TypeIdentifier>
					<Name>Epoched signal</Name>
				</Output>
			</Outputs>
			<Settings>
				<Setting>
					<TypeIdentifier>(0x512a166f, 0x5c3ef83f)</TypeIdentifier>
					<Name>Epoch duration (in sec)</Name>
					<DefaultValue>1</DefaultValue>
					<Value>0.6</Value>
					<Modifiability>false</Modifiability>
				</Setting>
				<Setting>
					<TypeIdentifier>(0x512a166f, 0x5c3ef83f)</TypeIdentifier>
					<Name>Epoch offset (in sec)</Name>
					<DefaultValue>0.5</DefaultValue>
					<Value>0</Value>
					<Modifiability>false</Modifiability>
				</Setting>
				<Setting>
					<TypeIdentifier>(0x2c132d6e, 0x44ab0d97)</TypeIdentifier>
					<Name>Stimulation to epoch from</Name>
					<DefaultValue>OVTK_StimulationId_Label_00</DefaultValue>
					<Value>OVTK_StimulationId_NonTarget</Value>
					<Modifiability>false</Modifiability>
				</Setting>
			</Settings>
			<Attributes>
				<Attribute>
					<Identifier>(0x1fa7a38f, 0x54edbe0b)</Identifier>
					<Value>320</Value>
				</Attribute>
				<Attribute>
					<Identifier>(0x207c9054, 0x3c841b63)</Identifier>
					<Value>624</Value>
				</Attribute>
				<Attribute>
					<Identifier>(0x4e7b798a, 0x183beafb)</Identifier>
					<Value>(0xa79941ae, 0x80708445)</Value>
				</Attribute>
				<Attribute>
					<Identifier>(0xc80ce8af, 0xf699f813)</Identifier>
					<Value>1</Value>
				</Attribute>
				<Attribute>
					<Identifier>(0xce18836a, 0x9c0eb403)</Identifier>
					<Value>3</Value>
				</Attribute>
				<Attribute>
					<Identifier>(0xcfad85b0, 0x7c6d841c)</Identifier>
					<Value>2</Value>
				</Attribute>
			</Attributes>
		</Box>
		<Box>
			<Identifier>(0x00005d74, 0x00000b47)</Identifier>
			<Name>Player Controller</Name>
			<AlgorithmClassIdentifier>(0x5f426dce, 0x08456e13)</AlgorithmClassIdentifier>
			<Inputs>
				<Input>
					<TypeIdentifier>(0x6f752dd0, 0x082a321e)</TypeIdentifier>
					<Name>Stimulations</Name>
				</Input>
			</Inputs>
			<Settings>
				<Setting>
					<TypeIdentifier>(0x2c132d6e, 0x44ab0d97)</TypeIdentifier>
					<Name>Stimulation name</Name>
					<DefaultValue>OVTK_StimulationId_Label_00</DefaultValue>
					<Value>OVTK_StimulationId_TrainCompleted</Value>
					<Modifiability>false</Modifiability>
				</Setting>
				<Setting>
					<TypeIdentifier>(0xcc14d8d6, 0xf27ecb73)</TypeIdentifier>
					<Name>Action to perform</Name>
					<DefaultValue>Pause</DefaultValue>
					<Value>Stop</Value>
					<Modifiability>false</Modifiability>
				</Setting>
			</Settings>
			<Attributes>
				<Attribute>
					<Identifier>(0x1fa7a38f, 0x54edbe0b)</Identifier>
					<Value>640.000000</Value>
				</Attribute>
				<Attribute>
					<Identifier>(0x207c9054, 0x3c841b63)</Identifier>
					<Value>528.000000</Value>
				</Attribute>
				<Attribute>
					<Identifier>(0x4e7b798a, 0x183beafb)</Identifier>
					<Value>(0x568d148e, 0x650792b3)</Value>
				</Attribute>
				<Attribute>
					<Identifier>(0xc46b3d00, 0x3e0454e1)</Identifier>
					<Value>(0x00000000, 0x00a2a90c)</Value>
				</Attribute>
				<Attribute>
					<Identifier>(0xc73e83ec, 0xf855c5bc)</Identifier>
					<Value>false</Value>
				</Attribute>
				<Attribute>
					<Identifier>(0xce18836a, 0x9c0eb403)</Identifier>
					<Value>2</Value>
				</Attribute>
				<Attribute>
					<Identifier>(0xcfad85b0, 0x7c6d841c)</Identifier>
					<Value>1</Value>
				</Attribute>
			</Attributes>
		</Box>
		<Box>
			<Identifier>(0x000060fa, 0x00005b23)</Identifier>
			<Name>Epoch average</Name>
			<AlgorithmClassIdentifier>(0x21283d9f, 0xe76ff640)</AlgorithmClassIdentifier>
			<Inputs>
				<Input>
					<TypeIdentifier>(0x5ba36127, 0x195feae1)</TypeIdentifier>
					<Name>Input epochs</Name>
				</Input>
			</Inputs>
			<Outputs>
				<Output>
					<TypeIdentifier>(0x5ba36127, 0x195feae1)</TypeIdentifier>
					<Name>Averaged epochs</Name>
				</Output>
			</Outputs>
			<Settings>
				<Setting>
					<TypeIdentifier>(0x6530bdb1, 0xd057bbfe)</TypeIdentifier>
					<Name>Averaging type</Name>
					<DefaultValue>Moving epoch average</DefaultValue>
					<Value>Epoch block average</Value>
					<Modifiability>false</Modifiability>
				</Setting>
				<Setting>
					<TypeIdentifier>(0x007deef9, 0x2f3e95c6)</TypeIdentifier>
					<Name>Epoch count</Name>
					<DefaultValue>4</DefaultValue>
					<Value>1</Value>
					<Modifiability>false</Modifiability>
				</Setting>
			</Settings>
			<Attributes>
				<Attribute>
					<Identifier>(0x1fa7a38f, 0x54edbe0b)</Identifier>
					<Value>384</Value>
				</Attribute>
				<Attribute>
					<Identifier>(0x207c9054, 0x3c841b63)</Identifier>
					<Value>400</Value>
				</Attribute>
				<Attribute>
					<Identifier>(0x30a4e5c9, 0x83502953)</Identifier>
					<Value></Value>
				</Attribute>
				<Attribute>
					<Identifier>(0x4e7b798a, 0x183beafb)</Identifier>
					<Value>(0xb73cee83, 0xf7215d60)</Value>
				</Attribute>
				<Attribute>
					<Identifier>(0x527ad68d, 0x16d746a0)</Identifier>
					<Value></Value>
				</Attribute>
				<Attribute>
					<Identifier>(0x8d21ff41, 0xdf6afe7e)</Identifier>
					<Value>${Player_ScenarioDirectory}/p300-epoch-average.cfg</Value>
				</Attribute>
				<Attribute>
					<Identifier>(0xc80ce8af, 0xf699f813)</Identifier>
					<Value>1</Value>
				</Attribute>
				<Attribute>
					<Identifier>(0xce18836a, 0x9c0eb403)</Identifier>
					<Value>2</Value>
				</Attribute>
				<Attribute>
					<Identifier>(0xcfad85b0, 0x7c6d841c)</Identifier>
					<Value>1</Value>
				</Attribute>
			</Attributes>
		</Box>
		<Box>
			<Identifier>(0x000060fa, 0x00005b24)</Identifier>
			<Name>Epoch average</Name>
			<AlgorithmClassIdentifier>(0x21283d9f, 0xe76ff640)</AlgorithmClassIdentifier>
			<Inputs>
				<Input>
					<TypeIdentifier>(0x5ba36127, 0x195feae1)</TypeIdentifier>
					<Name>Input epochs</Name>
				</Input>
			</Inputs>
			<Outputs>
				<Output>
					<TypeIdentifier>(0x5ba36127, 0x195feae1)</TypeIdentifier>
					<Name>Averaged epochs</Name>
				</Output>
			</Outputs>
			<Settings>
				<Setting>
					<TypeIdentifier>(0x6530bdb1, 0xd057bbfe)</TypeIdentifier>
					<Name>Averaging type</Name>
					<DefaultValue>Moving epoch average</DefaultValue>
					<Value>Epoch block average</Value>
					<Modifiability>false</Modifiability>
				</Setting>
				<Setting>
					<TypeIdentifier>(0x007deef9, 0x2f3e95c6)</TypeIdentifier>
					<Name>Epoch count</Name>
					<DefaultValue>4</DefaultValue>
					<Value>1</Value>
					<Modifiability>false</Modifiability>
				</Setting>
			</Settings>
			<Attributes>
				<Attribute>
					<Identifier>(0x1fa7a38f, 0x54edbe0b)</Identifier>
					<Value>384</Value>
				</Attribute>
				<Attribute>
					<Identifier>(0x207c9054, 0x3c841b63)</Identifier>
					<Value>624</Value>
				</Attribute>
				<Attribute>
					<Identifier>(0x30a4e5c9, 0x83502953)</Identifier>
					<Value></Value>
				</Attribute>
				<Attribute>
					<Identifier>(0x4e7b798a, 0x183beafb)</Identifier>
					<Value>(0xb73cee83, 0xf7215d60)</Value>
				</Attribute>
				<Attribute>
					<Identifier>(0x527ad68d, 0x16d746a0)</Identifier>
					<Value></Value>
				</Attribute>
				<Attribute>
					<Identifier>(0x8d21ff41, 0xdf6afe7e)</Identifier>
					<Value>${Player_ScenarioDirectory}/p300-epoch-average.cfg</Value>
				</Attribute>
				<Attribute>
					<Identifier>(0xc80ce8af, 0xf699f813)</Identifier>
					<Value>1</Value>
				</Attribute>
				<Attribute>
					<Identifier>(0xce18836a, 0x9c0eb403)</Identifier>
					<Value>2</Value>
				</Attribute>
				<Attribute>
					<Identifier>(0xcfad85b0, 0x7c6d841c)</Identifier>
					<Value>1</Value>
				</Attribute>
			</Attributes>
		</Box>
		<Box>
			<Identifier>(0x0000657e, 0x000036e1)</Identifier>
			<Name>Channel Selector</Name>
			<AlgorithmClassIdentifier>(0x361722e8, 0x311574e8)</AlgorithmClassIdentifier>
			<Inputs>
				<Input>
					<TypeIdentifier>(0x5ba36127, 0x195feae1)</TypeIdentifier>
					<Name>Input signal</Name>
				</Input>
			</Inputs>
			<Outputs>
				<Output>
					<TypeIdentifier>(0x5ba36127, 0x195feae1)</TypeIdentifier>
					<Name>Output signal</Name>
				</Output>
			</Outputs>
			<Settings>
				<Setting>
					<TypeIdentifier>(0x79a9edeb, 0x245d83fc)</TypeIdentifier>
					<Name>Channel List</Name>
					<DefaultValue>:</DefaultValue>
					<Value>Cz;O1;O2</Value>
					<Modifiability>false</Modifiability>
				</Setting>
				<Setting>
					<TypeIdentifier>(0x3bcf9e67, 0x0c23994d)</TypeIdentifier>
					<Name>Action</Name>
					<DefaultValue>Select</DefaultValue>
					<Value>Select</Value>
					<Modifiability>false</Modifiability>
				</Setting>
				<Setting>
					<TypeIdentifier>(0x666f25e9, 0x3e5738d6)</TypeIdentifier>
					<Name>Channel Matching Method</Name>
					<DefaultValue>Smart</DefaultValue>
					<Value>Smart</Value>
					<Modifiability>false</Modifiability>
				</Setting>
			</Settings>
			<Attributes>
				<Attribute>
					<Identifier>(0x1fa7a38f, 0x54edbe0b)</Identifier>
					<Value>-48.000000</Value>
				</Attribute>
				<Attribute>
					<Identifier>(0x207c9054, 0x3c841b63)</Identifier>
					<Value>416.000000</Value>
				</Attribute>
				<Attribute>
					<Identifier>(0x30a4e5c9, 0x83502953)</Identifier>
					<Value></Value>
				</Attribute>
				<Attribute>
					<Identifier>(0x4e7b798a, 0x183beafb)</Identifier>
					<Value>(0x277826e1, 0xa30a3bd0)</Value>
				</Attribute>
				<Attribute>
					<Identifier>(0x527ad68d, 0x16d746a0)</Identifier>
					<Value></Value>
				</Attribute>
				<Attribute>
					<Identifier>(0xc46b3d00, 0x3e0454e1)</Identifier>
					<Value>(0x00000000, 0x00fe692e)</Value>
				</Attribute>
				<Attribute>
					<Identifier>(0xc73e83ec, 0xf855c5bc)</Identifier>
					<Value>false</Value>
				</Attribute>
				<Attribute>
					<Identifier>(0xc80ce8af, 0xf699f813)</Identifier>
					<Value>1</Value>
				</Attribute>
				<Attribute>
					<Identifier>(0xce18836a, 0x9c0eb403)</Identifier>
					<Value>3</Value>
				</Attribute>
				<Attribute>
					<Identifier>(0xcfad85b0, 0x7c6d841c)</Identifier>
					<Value>1</Value>
				</Attribute>
			</Attributes>
		</Box>
		<Box>
			<Identifier>(0x00006a0d, 0x00006861)</Identifier>
			<Name>Feature aggregator</Name>
			<AlgorithmClassIdentifier>(0x00682417, 0x453635f9)</AlgorithmClassIdentifier>
			<Inputs>
				<Input>
					<TypeIdentifier>(0x544a003e, 0x6dcba5f6)</TypeIdentifier>
					<Name>Input stream 1</Name>
				</Input>
			</Inputs>
			<Outputs>
				<Output>
					<TypeIdentifier>(0x17341935, 0x152ff448)</TypeIdentifier>
					<Name>Feature vector stream</Name>
				</Output>
			</Outputs>
			<Attributes>
				<Attribute>
					<Identifier>(0x1fa7a38f, 0x54edbe0b)</Identifier>
					<Value>464</Value>
				</Attribute>
				<Attribute>
					<Identifier>(0x207c9054, 0x3c841b63)</Identifier>
					<Value>624</Value>
				</Attribute>
				<Attribute>
					<Identifier>(0x4e7b798a, 0x183beafb)</Identifier>
					<Value>(0xb5d15cc9, 0x6c8c28fb)</Value>
				</Attribute>
				<Attribute>
					<Identifier>(0xc46b3d00, 0x3e0454e1)</Identifier>
					<Value>(0x00000000, 0x007b56b5)</Value>
				</Attribute>
				<Attribute>
					<Identifier>(0xc80ce8af, 0xf699f813)</Identifier>
					<Value>1</Value>
				</Attribute>
				<Attribute>
					<Identifier>(0xcfad85b0, 0x7c6d841c)</Identifier>
					<Value>1</Value>
				</Attribute>
				<Attribute>
					<Identifier>(0xfba64161, 0x65304e21)</Identifier>
					<Value></Value>
				</Attribute>
			</Attributes>
		</Box>
		<Box>
			<Identifier>(0x0000777a, 0x00001cfd)</Identifier>
			<Name>Feature aggregator</Name>
			<AlgorithmClassIdentifier>(0x00682417, 0x453635f9)</AlgorithmClassIdentifier>
			<Inputs>
				<Input>
					<TypeIdentifier>(0x544a003e, 0x6dcba5f6)</TypeIdentifier>
					<Name>Input stream 1</Name>
				</Input>
			</Inputs>
			<Outputs>
				<Output>
					<TypeIdentifier>(0x17341935, 0x152ff448)</TypeIdentifier>
					<Name>Feature vector stream</Name>
				</Output>
			</Outputs>
			<Attributes>
				<Attribute>
					<Identifier>(0x1fa7a38f, 0x54edbe0b)</Identifier>
					<Value>464</Value>
				</Attribute>
				<Attribute>
					<Identifier>(0x207c9054, 0x3c841b63)</Identifier>
					<Value>400</Value>
				</Attribute>
				<Attribute>
					<Identifier>(0x4e7b798a, 0x183beafb)</Identifier>
					<Value>(0xb5d15cc9, 0x6c8c28fb)</Value>
				</Attribute>
				<Attribute>
					<Identifier>(0xc46b3d00, 0x3e0454e1)</Identifier>
					<Value>(0x00000000, 0x005ed49c)</Value>
				</Attribute>
				<Attribute>
					<Identifier>(0xc80ce8af, 0xf699f813)</Identifier>
					<Value>1</Value>
				</Attribute>
				<Attribute>
					<Identifier>(0xcfad85b0, 0x7c6d841c)</Identifier>
					<Value>1</Value>
				</Attribute>
				<Attribute>
					<Identifier>(0xfba64161, 0x65304e21)</Identifier>
					<Value></Value>
				</Attribute>
			</Attributes>
		</Box>
		<Box>
			<Identifier>(0x00007f97, 0x00003689)</Identifier>
			<Name>Temporal filter</Name>
			<AlgorithmClassIdentifier>(0xb4f9d042, 0x9d79f2e5)</AlgorithmClassIdentifier>
			<Inputs>
				<Input>
					<TypeIdentifier>(0x5ba36127, 0x195feae1)</TypeIdentifier>
					<Name>Input signal</Name>
				</Input>
			</Inputs>
			<Outputs>
				<Output>
					<TypeIdentifier>(0x5ba36127, 0x195feae1)</TypeIdentifier>
					<Name>Filtered signal</Name>
				</Output>
			</Outputs>
			<Settings>
				<Setting>
					<TypeIdentifier>(0x2f2c606c, 0x8512ed68)</TypeIdentifier>
					<Name>Filter method</Name>
					<DefaultValue>Butterworth</DefaultValue>
					<Value>Butterworth</Value>
					<Modifiability>false</Modifiability>
				</Setting>
				<Setting>
					<TypeIdentifier>(0xfa20178e, 0x4cba62e9)</TypeIdentifier>
					<Name>Filter type</Name>
					<DefaultValue>Low pass</DefaultValue>
					<Value>Band pass</Value>
					<Modifiability>false</Modifiability>
				</Setting>
				<Setting>
					<TypeIdentifier>(0x007deef9, 0x2f3e95c6)</TypeIdentifier>
					<Name>Filter order</Name>
					<DefaultValue>4</DefaultValue>
					<Value>4</Value>
					<Modifiability>false</Modifiability>
				</Setting>
				<Setting>
					<TypeIdentifier>(0x512a166f, 0x5c3ef83f)</TypeIdentifier>
					<Name>Low cut frequency (Hz)</Name>
					<DefaultValue>29</DefaultValue>
					<Value>1.000000</Value>
					<Modifiability>false</Modifiability>
				</Setting>
				<Setting>
					<TypeIdentifier>(0x512a166f, 0x5c3ef83f)</TypeIdentifier>
					<Name>High cut frequency (Hz)</Name>
					<DefaultValue>40</DefaultValue>
					<Value>20.000000</Value>
					<Modifiability>false</Modifiability>
				</Setting>
				<Setting>
					<TypeIdentifier>(0x512a166f, 0x5c3ef83f)</TypeIdentifier>
					<Name>Pass band ripple (dB)</Name>
					<DefaultValue>0.5</DefaultValue>
					<Value>0.500000</Value>
					<Modifiability>false</Modifiability>
				</Setting>
			</Settings>
			<Attributes>
				<Attribute>
					<Identifier>(0x1fa7a38f, 0x54edbe0b)</Identifier>
					<Value>16.000000</Value>
				</Attribute>
				<Attribute>
					<Identifier>(0x207c9054, 0x3c841b63)</Identifier>
					<Value>416.000000</Value>
				</Attribute>
				<Attribute>
					<Identifier>(0x4e7b798a, 0x183beafb)</Identifier>
					<Value>(0x27a4ceec, 0x876d6384)</Value>
				</Attribute>
				<Attribute>
					<Identifier>(0xc46b3d00, 0x3e0454e1)</Identifier>
					<Value>(0x00000000, 0x0154eb12)</Value>
				</Attribute>
			</Attributes>
		</Box>
		<Box>
			<Identifier>(0x1a538d37, 0x06b8561f)</Identifier>
			<Name>Classifier trainer</Name>
			<AlgorithmClassIdentifier>(0xf3dae8a8, 0x3b444154)</AlgorithmClassIdentifier>
			<Inputs>
				<Input>
					<TypeIdentifier>(0x6f752dd0, 0x082a321e)</TypeIdentifier>
					<Name>Stimulations</Name>
				</Input>
				<Input>
					<TypeIdentifier>(0x17341935, 0x152ff448)</TypeIdentifier>
					<Name>Features for class 1</Name>
				</Input>
				<Input>
					<TypeIdentifier>(0x17341935, 0x152ff448)</TypeIdentifier>
					<Name>Features for class 2</Name>
				</Input>
			</Inputs>
			<Outputs>
				<Output>
					<TypeIdentifier>(0x6f752dd0, 0x082a321e)</TypeIdentifier>
					<Name>Train-completed Flag</Name>
				</Output>
			</Outputs>
			<Settings>
				<Setting>
					<TypeIdentifier>(0x2c132d6e, 0x44ab0d97)</TypeIdentifier>
					<Name>Train trigger</Name>
					<DefaultValue>OVTK_StimulationId_Train</DefaultValue>
					<Value>OVTK_StimulationId_ExperimentStop</Value>
					<Modifiability>false</Modifiability>
				</Setting>
				<Setting>
					<TypeIdentifier>(0x330306dd, 0x74a95f98)</TypeIdentifier>
					<Name>Filename to save configuration to</Name>
					<DefaultValue>${Path_UserData}/my-classifier.xml</DefaultValue>
					<Value>${Player_ScenarioDirectory}/p300-classifier.cfg</Value>
					<Modifiability>false</Modifiability>
				</Setting>
				<Setting>
					<TypeIdentifier>(0xbe9eba5c, 0xa8415d37)</TypeIdentifier>
					<Name>Multiclass strategy to apply</Name>
					<DefaultValue>Native</DefaultValue>
					<Value>Native</Value>
					<Modifiability>false</Modifiability>
				</Setting>
				<Setting>
					<TypeIdentifier>(0x2c132d6e, 0x44ab0d97)</TypeIdentifier>
					<Name>Class 1 label</Name>
					<DefaultValue>OVTK_StimulationId_Label_01</DefaultValue>
					<Value>OVTK_StimulationId_Target</Value>
					<Modifiability>false</Modifiability>
				</Setting>
				<Setting>
					<TypeIdentifier>(0x2c132d6e, 0x44ab0d97)</TypeIdentifier>
					<Name>Class 2 label</Name>
					<DefaultValue>OVTK_StimulationId_Label_02</DefaultValue>
					<Value>OVTK_StimulationId_NonTarget</Value>
					<Modifiability>false</Modifiability>
				</Setting>
				<Setting>
					<TypeIdentifier>(0xd765a736, 0xed708c65)</TypeIdentifier>
					<Name>Algorithm to use</Name>
					<DefaultValue>Linear Discrimimant Analysis (LDA)</DefaultValue>
					<Value>Linear Discrimimant Analysis (LDA)</Value>
					<Modifiability>false</Modifiability>
				</Setting>
				<Setting>
					<TypeIdentifier>(0x2cdb2f0b, 0x12f231ea)</TypeIdentifier>
					<Name>Use shrinkage</Name>
					<DefaultValue>false</DefaultValue>
					<Value>false</Value>
					<Modifiability>false</Modifiability>
				</Setting>
				<Setting>
					<TypeIdentifier>(0x512a166f, 0x5c3ef83f)</TypeIdentifier>
					<Name>Shrinkage coefficient (-1 == auto)</Name>
					<DefaultValue>-1.000000</DefaultValue>
					<Value>-1.000000</Value>
					<Modifiability>false</Modifiability>
				</Setting>
				<Setting>
					<TypeIdentifier>(0x2cdb2f0b, 0x12f231ea)</TypeIdentifier>
					<Name>Shrinkage: Force diagonal cov (DDA)</Name>
					<DefaultValue>false</DefaultValue>
					<Value>false</Value>
					<Modifiability>false</Modifiability>
				</Setting>
				<Setting>
					<TypeIdentifier>(0x007deef9, 0x2f3e95c6)</TypeIdentifier>
					<Name>Number of partitions for k-fold cross-validation test</Name>
					<DefaultValue>10</DefaultValue>
					<Value>5</Value>
					<Modifiability>false</Modifiability>
				</Setting>
				<Setting>
					<TypeIdentifier>(0x2cdb2f0b, 0x12f231ea)</TypeIdentifier>
					<Name>Balance classes</Name>
					<DefaultValue>false</DefaultValue>
					<Value>false</Value>
					<Modifiability>false</Modifiability>
				</Setting>
			</Settings>
			<Attributes>
				<Attribute>
					<Identifier>(0x1fa7a38f, 0x54edbe0b)</Identifier>
					<Value>576.000000</Value>
				</Attribute>
				<Attribute>
					<Identifier>(0x207c9054, 0x3c841b63)</Identifier>
					<Value>528.000000</Value>
				</Attribute>
				<Attribute>
					<Identifier>(0x4e7b798a, 0x183beafb)</Identifier>
					<Value>(0x9de21779, 0x37776c89)</Value>
				</Attribute>
				<Attribute>
					<Identifier>(0xc46b3d00, 0x3e0454e1)</Identifier>
					<Value>(0x00000000, 0x016b441d)</Value>
				</Attribute>
				<Attribute>
					<Identifier>(0xc73e83ec, 0xf855c5bc)</Identifier>
					<Value>false</Value>
				</Attribute>
				<Attribute>
					<Identifier>(0xc80ce8af, 0xf699f813)</Identifier>
					<Value>1</Value>
				</Attribute>
				<Attribute>
					<Identifier>(0xce18836a, 0x9c0eb403)</Identifier>
					<Value>6</Value>
				</Attribute>
				<Attribute>
					<Identifier>(0xcfad85b0, 0x7c6d841c)</Identifier>
					<Value>3</Value>
				</Attribute>
				<Attribute>
					<Identifier>(0xfba64161, 0x65304e21)</Identifier>
					<Value></Value>
				</Attribute>
			</Attributes>
		</Box>
	</Boxes>
	<Links>
		<Link>
			<Identifier>(0x0000042f, 0x000018ba)</Identifier>
			<Source>
				<BoxIdentifier>(0x0000657e, 0x000036e1)</BoxIdentifier>
				<BoxOutputIndex>0</BoxOutputIndex>
			</Source>
			<Target>
				<BoxIdentifier>(0x00007f97, 0x00003689)</BoxIdentifier>
				<BoxInputIndex>0</BoxInputIndex>
			</Target>
		</Link>
		<Link>
			<Identifier>(0x0000057e, 0x00006489)</Identifier>
			<Source>
				<BoxIdentifier>(0x00004375, 0x000055be)</BoxIdentifier>
				<BoxOutputIndex>0</BoxOutputIndex>
			</Source>
			<Target>
				<BoxIdentifier>(0x00005c6a, 0x00006cce)</BoxIdentifier>
				<BoxInputIndex>0</BoxInputIndex>
			</Target>
		</Link>
		<Link>
			<Identifier>(0x00000f98, 0x00000815)</Identifier>
			<Source>
				<BoxIdentifier>(0x0000554a, 0x000038d8)</BoxIdentifier>
				<BoxOutputIndex>0</BoxOutputIndex>
			</Source>
			<Target>
				<BoxIdentifier>(0x1a538d37, 0x06b8561f)</BoxIdentifier>
				<BoxInputIndex>0</BoxInputIndex>
			</Target>
		</Link>
		<Link>
			<Identifier>(0x000015a6, 0x00003eb8)</Identifier>
			<Source>
				<BoxIdentifier>(0x0000554a, 0x000038d8)</BoxIdentifier>
				<BoxOutputIndex>0</BoxOutputIndex>
			</Source>
			<Target>
				<BoxIdentifier>(0x00005c6a, 0x00006cce)</BoxIdentifier>
				<BoxInputIndex>1</BoxInputIndex>
			</Target>
		</Link>
		<Link>
			<Identifier>(0x00001c81, 0x00001a2e)</Identifier>
			<Source>
				<BoxIdentifier>(0x1a538d37, 0x06b8561f)</BoxIdentifier>
				<BoxOutputIndex>0</BoxOutputIndex>
			</Source>
			<Target>
				<BoxIdentifier>(0x00005d74, 0x00000b47)</BoxIdentifier>
				<BoxInputIndex>0</BoxInputIndex>
			</Target>
		</Link>
		<Link>
			<Identifier>(0x00001e8e, 0x0000342c)</Identifier>
			<Source>
				<BoxIdentifier>(0x000060fa, 0x00005b23)</BoxIdentifier>
				<BoxOutputIndex>0</BoxOutputIndex>
			</Source>
			<Target>
				<BoxIdentifier>(0x0000777a, 0x00001cfd)</BoxIdentifier>
				<BoxInputIndex>0</BoxInputIndex>
			</Target>
		</Link>
		<Link>
			<Identifier>(0x00002898, 0x00000eeb)</Identifier>
			<Source>
				<BoxIdentifier>(0x00005c6a, 0x00006cce)</BoxIdentifier>
				<BoxOutputIndex>0</BoxOutputIndex>
			</Source>
			<Target>
				<BoxIdentifier>(0x000060fa, 0x00005b24)</BoxIdentifier>
				<BoxInputIndex>0</BoxInputIndex>
			</Target>
		</Link>
		<Link>
			<Identifier>(0x00002a69, 0x00002092)</Identifier>
			<Source>
				<BoxIdentifier>(0x00007f97, 0x00003689)</BoxIdentifier>
				<BoxOutputIndex>0</BoxOutputIndex>
			</Source>
			<Target>
				<BoxIdentifier>(0x00004375, 0x000055be)</BoxIdentifier>
				<BoxInputIndex>0</BoxInputIndex>
			</Target>
		</Link>
		<Link>
			<Identifier>(0x00002d41, 0x0000465d)</Identifier>
			<Source>
				<BoxIdentifier>(0x0000033f, 0x000020d9)</BoxIdentifier>
				<BoxOutputIndex>2</BoxOutputIndex>
			</Source>
			<Target>
				<BoxIdentifier>(0x0000554a, 0x000038d8)</BoxIdentifier>
				<BoxInputIndex>0</BoxInputIndex>
			</Target>
		</Link>
		<Link>
			<Identifier>(0x00003a7d, 0x00003daf)</Identifier>
			<Source>
				<BoxIdentifier>(0x000060fa, 0x00005b24)</BoxIdentifier>
				<BoxOutputIndex>0</BoxOutputIndex>
			</Source>
			<Target>
				<BoxIdentifier>(0x00006a0d, 0x00006861)</BoxIdentifier>
				<BoxInputIndex>0</BoxInputIndex>
			</Target>
		</Link>
		<Link>
			<Identifier>(0x000049b1, 0x00005623)</Identifier>
			<Source>
				<BoxIdentifier>(0x00004375, 0x000055be)</BoxIdentifier>
				<BoxOutputIndex>0</BoxOutputIndex>
			</Source>
			<Target>
				<BoxIdentifier>(0x00005c6a, 0x00006ccd)</BoxIdentifier>
				<BoxInputIndex>0</BoxInputIndex>
			</Target>
		</Link>
		<Link>
			<Identifier>(0x00004fef, 0x00007768)</Identifier>
			<Source>
				<BoxIdentifier>(0x0000554a, 0x000038d8)</BoxIdentifier>
				<BoxOutputIndex>0</BoxOutputIndex>
			</Source>
			<Target>
				<BoxIdentifier>(0x00005c6a, 0x00006ccd)</BoxIdentifier>
				<BoxInputIndex>1</BoxInputIndex>
			</Target>
		</Link>
		<Link>
			<Identifier>(0x00005f25, 0x000032cb)</Identifier>
			<Source>
				<BoxIdentifier>(0x00005c6a, 0x00006ccd)</BoxIdentifier>
				<BoxOutputIndex>0</BoxOutputIndex>
			</Source>
			<Target>
				<BoxIdentifier>(0x000060fa, 0x00005b23)</BoxIdentifier>
				<BoxInputIndex>0</BoxInputIndex>
			</Target>
		</Link>
		<Link>
			<Identifier>(0x0000753f, 0x00001b1c)</Identifier>
			<Source>
				<BoxIdentifier>(0x0000033f, 0x000020d9)</BoxIdentifier>
				<BoxOutputIndex>1</BoxOutputIndex>
			</Source>
			<Target>
				<BoxIdentifier>(0x0000657e, 0x000036e1)</BoxIdentifier>
				<BoxInputIndex>0</BoxInputIndex>
			</Target>
		</Link>
		<Link>
			<Identifier>(0x02a1b5cd, 0x3034ab1a)</Identifier>
			<Source>
				<BoxIdentifier>(0x0000777a, 0x00001cfd)</BoxIdentifier>
				<BoxOutputIndex>0</BoxOutputIndex>
			</Source>
			<Target>
				<BoxIdentifier>(0x1a538d37, 0x06b8561f)</BoxIdentifier>
				<BoxInputIndex>1</BoxInputIndex>
			</Target>
		</Link>
		<Link>
			<Identifier>(0x7ca548f4, 0x590c35f5)</Identifier>
			<Source>
				<BoxIdentifier>(0x00006a0d, 0x00006861)</BoxIdentifier>
				<BoxOutputIndex>0</BoxOutputIndex>
			</Source>
			<Target>
				<BoxIdentifier>(0x1a538d37, 0x06b8561f)</BoxIdentifier>
				<BoxInputIndex>2</BoxInputIndex>
			</Target>
		</Link>
	</Links>
	<Comments>
		<Comment>
			<Identifier>(0x00007504, 0x00000aa5)</Identifier>
			<Text>P300 Magic Card

Classifier training scenario

Remember to change the 
filename in the Generic Stream
Reader box</Text>
			<Attributes>
				<Attribute>
					<Identifier>(0x473d9a43, 0x97fc0a97)</Identifier>
					<Value>224.000000</Value>
				</Attribute>
				<Attribute>
					<Identifier>(0x7234b86b, 0x2b8651a5)</Identifier>
					<Value>-128.000000</Value>
				</Attribute>
			</Attributes>
		</Comment>
	</Comments>
	<Metadata>
		<Entry>
			<Identifier>(0x00002715, 0x0000246a)</Identifier>
			<Type>(0x3bcce5d2, 0x43f2d968)</Type>
			<Data>[]</Data>
		</Entry>
	</Metadata>
	<Attributes>
		<Attribute>
			<Identifier>(0x4c90d4ad, 0x7a2554ec)</Identifier>
			<Value>903</Value>
		</Attribute>
		<Attribute>
			<Identifier>(0x790d75b8, 0x3bb90c33)</Identifier>
			<Value></Value>
		</Attribute>
		<Attribute>
			<Identifier>(0x7b814cca, 0x271df6dd)</Identifier>
			<Value>1263</Value>
		</Attribute>
		<Attribute>
			<Identifier>(0x8c1fc55b, 0x7b433dc2)</Identifier>
			<Value>1.0</Value>
		</Attribute>
		<Attribute>
			<Identifier>(0x9f5c4075, 0x4a0d3666)</Identifier>
			<Value>P300 Magic Card</Value>
		</Attribute>
		<Attribute>
			<Identifier>(0xf36a1567, 0xd13c53da)</Identifier>
			<Value></Value>
		</Attribute>
		<Attribute>
			<Identifier>(0xf6b2e3fa, 0x7bd43926)</Identifier>
			<Value>bci-examples</Value>
		</Attribute>
		<Attribute>
			<Identifier>(0xf8034a49, 0x8b3f37cc)</Identifier>
			<Value></Value>
		</Attribute>
	</Attributes>
</OpenViBE-Scenario>