<OpenViBE-Scenario>
	<FormatVersion>1</FormatVersion>
	<Creator>openvibe</Creator>
	<CreatorVersion>2.0</CreatorVersion>
	<Boxes>
		<Box>
			<Identifier>(0x00000a6e, 0x0000673d)</Identifier>
			<Name>Timeout</Name>
			<AlgorithmClassIdentifier>(0x24fcd292, 0x5c8f6aa8)</AlgorithmClassIdentifier>
			<Inputs>
				<Input>
					<TypeIdentifier>(0x544a003e, 0x6dcba5f6)</TypeIdentifier>
					<Name>Input Stream</Name>
				</Input>
			</Inputs>
			<Outputs>
				<Output>
					<TypeIdentifier>(0x6f752dd0, 0x082a321e)</TypeIdentifier>
					<Name>Output Stimulations</Name>
				</Output>
			</Outputs>
			<Settings>
				<Setting>
					<TypeIdentifier>(0x007deef9, 0x2f3e95c6)</TypeIdentifier>
					<Name>Timeout delay</Name>
					<DefaultValue>5</DefaultValue>
					<Value>1</Value>
					<Modifiability>false</Modifiability>
				</Setting>
				<Setting>
					<TypeIdentifier>(0x2c132d6e, 0x44ab0d97)</TypeIdentifier>
					<Name>Output Stimulation</Name>
					<DefaultValue>OVTK_StimulationId_Label_00</DefaultValue>
					<Value>OVTK_StimulationId_Label_00</Value>
					<Modifiability>false</Modifiability>
				</Setting>
			</Settings>
			<Attributes>
				<Attribute>
					<Identifier>(0x1fa7a38f, 0x54edbe0b)</Identifier>
					<Value>-336</Value>
				</Attribute>
				<Attribute>
					<Identifier>(0x1fa963f5, 0x1a638cd4)</Identifier>
					<Value>33</Value>
				</Attribute>
				<Attribute>
					<Identifier>(0x207c9054, 0x3c841b63)</Identifier>
					<Value>208</Value>
				</Attribute>
				<Attribute>
					<Identifier>(0x4e7b798a, 0x183beafb)</Identifier>
					<Value>(0x1eaee00e, 0xdb05d34e)</Value>
				</Attribute>
				<Attribute>
					<Identifier>(0xad100179, 0xa3c984ab)</Identifier>
					<Value>62</Value>
				</Attribute>
				<Attribute>
					<Identifier>(0xc80ce8af, 0xf699f813)</Identifier>
					<Value>1</Value>
				</Attribute>
				<Attribute>
					<Identifier>(0xce18836a, 0x9c0eb403)</Identifier>
					<Value>2</Value>
				</Attribute>
				<Attribute>
					<Identifier>(0xcfad85b0, 0x7c6d841c)</Identifier>
					<Value>1</Value>
				</Attribute>
			</Attributes>
		</Box>
		<Box>
			<Identifier>(0x0000275b, 0x00004963)</Identifier>
			<Name>EDF File Writer</Name>
			<AlgorithmClassIdentifier>(0x0d454dce, 0x470a4c02)</AlgorithmClassIdentifier>
			<Inputs>
				<Input>
					<TypeIdentifier>(0x403488e7, 0x565d70b6)</TypeIdentifier>
					<Name>Experiment information</Name>
				</Input>
				<Input>
					<TypeIdentifier>(0x5ba36127, 0x195feae1)</TypeIdentifier>
					<Name>Signal</Name>
				</Input>
				<Input>
					<TypeIdentifier>(0x6f752dd0, 0x082a321e)</TypeIdentifier>
					<Name>Stimulations</Name>
				</Input>
			</Inputs>
			<Settings>
				<Setting>
					<TypeIdentifier>(0x330306dd, 0x74a95f98)</TypeIdentifier>
					<Name>Filename</Name>
					<DefaultValue>record-[$core{date}-$core{time}].edf</DefaultValue>
					<Value>$ENV{OV_CONVERT_DEST}</Value>
					<Modifiability>false</Modifiability>
				</Setting>
			</Settings>
			<Attributes>
				<Attribute>
					<Identifier>(0x1fa7a38f, 0x54edbe0b)</Identifier>
					<Value>-256</Value>
				</Attribute>
				<Attribute>
					<Identifier>(0x1fa963f5, 0x1a638cd4)</Identifier>
					<Value>23</Value>
				</Attribute>
				<Attribute>
					<Identifier>(0x207c9054, 0x3c841b63)</Identifier>
					<Value>384</Value>
				</Attribute>
				<Attribute>
					<Identifier>(0x4e7b798a, 0x183beafb)</Identifier>
					<Value>(0xd41e3037, 0xcc12644a)</Value>
				</Attribute>
				<Attribute>
					<Identifier>(0xad100179, 0xa3c984ab)</Identifier>
					<Value>107</Value>
				</Attribute>
				<Attribute>
					<Identifier>(0xc67a01dc, 0x28ce06c1)</Identifier>
					<Value></Value>
				</Attribute>
				<Attribute>
					<Identifier>(0xce18836a, 0x9c0eb403)</Identifier>
					<Value>1</Value>
				</Attribute>
				<Attribute>
					<Identifier>(0xcfad85b0, 0x7c6d841c)</Identifier>
					<Value>3</Value>
				</Attribute>
			</Attributes>
		</Box>
		<Box>
			<Identifier>(0x00003c8a, 0x0000618b)</Identifier>
			<Name>BCI2000 File Reader</Name>
			<AlgorithmClassIdentifier>(0xff78daf4, 0xc41544b8)</AlgorithmClassIdentifier>
			<Outputs>
				<Output>
					<TypeIdentifier>(0x5ba36127, 0x195feae1)</TypeIdentifier>
					<Name>Signal</Name>
				</Output>
				<Output>
					<TypeIdentifier>(0x5ba36127, 0x195feae1)</TypeIdentifier>
					<Name>State</Name>
				</Output>
			</Outputs>
			<Settings>
				<Setting>
					<TypeIdentifier>(0x330306dd, 0x74a95f98)</TypeIdentifier>
					<Name>File name</Name>
					<DefaultValue></DefaultValue>
					<Value>$ENV{OV_CONVERT_SRC}</Value>
					<Modifiability>false</Modifiability>
				</Setting>
				<Setting>
					<TypeIdentifier>(0x007deef9, 0x2f3e95c6)</TypeIdentifier>
					<Name>Samples per buffer</Name>
					<DefaultValue>16</DefaultValue>
					<Value>16</Value>
					<Modifiability>false</Modifiability>
				</Setting>
			</Settings>
			<Attributes>
				<Attribute>
					<Identifier>(0x1fa7a38f, 0x54edbe0b)</Identifier>
					<Value>-448</Value>
				</Attribute>
				<Attribute>
					<Identifier>(0x1fa963f5, 0x1a638cd4)</Identifier>
					<Value>33</Value>
				</Attribute>
				<Attribute>
					<Identifier>(0x207c9054, 0x3c841b63)</Identifier>
					<Value>384</Value>
				</Attribute>
				<Attribute>
					<Identifier>(0x4e7b798a, 0x183beafb)</Identifier>
					<Value>(0xbe81a967, 0x726cb086)</Value>
				</Attribute>
				<Attribute>
					<Identifier>(0xad100179, 0xa3c984ab)</Identifier>
					<Value>141</Value>
				</Attribute>
				<Attribute>
					<Identifier>(0xc80ce8af, 0xf699f813)</Identifier>
					<Value>2</Value>
				</Attribute>
				<Attribute>
					<Identifier>(0xce18836a, 0x9c0eb403)</Identifier>
					<Value>2</Value>
				</Attribute>
			</Attributes>
		</Box>
		<Box>
			<Identifier>(0x00006d7b, 0x00000ff5)</Identifier>
			<Name>Player Controller</Name>
			<AlgorithmClassIdentifier>(0x5f426dce, 0x08456e13)</AlgorithmClassIdentifier>
			<Inputs>
				<Input>
					<TypeIdentifier>(0x6f752dd0, 0x082a321e)</TypeIdentifier>
					<Name>Stimulations</Name>
				</Input>
			</Inputs>
			<Settings>
				<Setting>
					<TypeIdentifier>(0x2c132d6e, 0x44ab0d97)</TypeIdentifier>
					<Name>Stimulation name</Name>
					<DefaultValue>OVTK_StimulationId_Label_00</DefaultValue>
					<Value>OVTK_StimulationId_Label_00</Value>
					<Modifiability>false</Modifiability>
				</Setting>
				<Setting>
					<TypeIdentifier>(0xcc14d8d6, 0xf27ecb73)</TypeIdentifier>
					<Name>Action to perform</Name>
					<DefaultValue>Pause</DefaultValue>
					<Value>Stop</Value>
					<Modifiability>false</Modifiability>
				</Setting>
			</Settings>
			<Attributes>
				<Attribute>
					<Identifier>(0x1fa7a38f, 0x54edbe0b)</Identifier>
					<Value>-256</Value>
				</Attribute>
				<Attribute>
					<Identifier>(0x1fa963f5, 0x1a638cd4)</Identifier>
					<Value>23</Value>
				</Attribute>
				<Attribute>
					<Identifier>(0x207c9054, 0x3c841b63)</Identifier>
					<Value>208</Value>
				</Attribute>
				<Attribute>
					<Identifier>(0x4e7b798a, 0x183beafb)</Identifier>
					<Value>(0x568d148e, 0x650792b3)</Value>
				</Attribute>
				<Attribute>
					<Identifier>(0xad100179, 0xa3c984ab)</Identifier>
					<Value>118</Value>
				</Attribute>
				<Attribute>
					<Identifier>(0xce18836a, 0x9c0eb403)</Identifier>
					<Value>2</Value>
				</Attribute>
				<Attribute>
					<Identifier>(0xcfad85b0, 0x7c6d841c)</Identifier>
					<Value>1</Value>
				</Attribute>
			</Attributes>
		</Box>
	</Boxes>
	<Links>
		<Link>
			<Identifier>(0x0000188f, 0x00005d28)</Identifier>
			<Source>
				<BoxIdentifier>(0x00003c8a, 0x0000618b)</BoxIdentifier>
				<BoxOutputIndex>0</BoxOutputIndex>
			</Source>
			<Target>
				<BoxIdentifier>(0x00000a6e, 0x0000673d)</BoxIdentifier>
				<BoxInputIndex>0</BoxInputIndex>
			</Target>
			<Attributes>
				<Attribute>
					<Identifier>(0x1b32c44c, 0x1905e0e9)</Identifier>
					<Value>-425</Value>
				</Attribute>
				<Attribute>
					<Identifier>(0x358ae8b5, 0x0f8bacd1)</Identifier>
					<Value>376</Value>
				</Attribute>
				<Attribute>
					<Identifier>(0x3f0a3b27, 0x570913d2)</Identifier>
					<Value>-357</Value>
				</Attribute>
				<Attribute>
					<Identifier>(0x6267b5c5, 0x676e3e42)</Identifier>
					<Value>208</Value>
				</Attribute>
			</Attributes>
		</Link>
		<Link>
			<Identifier>(0x000052e5, 0x00005888)</Identifier>
			<Source>
				<BoxIdentifier>(0x00000a6e, 0x0000673d)</BoxIdentifier>
				<BoxOutputIndex>0</BoxOutputIndex>
			</Source>
			<Target>
				<BoxIdentifier>(0x00006d7b, 0x00000ff5)</BoxIdentifier>
				<BoxInputIndex>0</BoxInputIndex>
			</Target>
			<Attributes>
				<Attribute>
					<Identifier>(0x1b32c44c, 0x1905e0e9)</Identifier>
					<Value>-313</Value>
				</Attribute>
				<Attribute>
					<Identifier>(0x358ae8b5, 0x0f8bacd1)</Identifier>
					<Value>208</Value>
				</Attribute>
				<Attribute>
					<Identifier>(0x3f0a3b27, 0x570913d2)</Identifier>
					<Value>-272</Value>
				</Attribute>
				<Attribute>
					<Identifier>(0x6267b5c5, 0x676e3e42)</Identifier>
					<Value>208</Value>
				</Attribute>
			</Attributes>
		</Link>
		<Link>
			<Identifier>(0x00007f5c, 0x000001f8)</Identifier>
			<Source>
				<BoxIdentifier>(0x00003c8a, 0x0000618b)</BoxIdentifier>
				<BoxOutputIndex>0</BoxOutputIndex>
			</Source>
			<Target>
				<BoxIdentifier>(0x0000275b, 0x00004963)</BoxIdentifier>
				<BoxInputIndex>1</BoxInputIndex>
			</Target>
			<Attributes>
				<Attribute>
					<Identifier>(0x1b32c44c, 0x1905e0e9)</Identifier>
					<Value>-425</Value>
				</Attribute>
				<Attribute>
					<Identifier>(0x358ae8b5, 0x0f8bacd1)</Identifier>
					<Value>376</Value>
				</Attribute>
				<Attribute>
					<Identifier>(0x3f0a3b27, 0x570913d2)</Identifier>
					<Value>-272</Value>
				</Attribute>
				<Attribute>
					<Identifier>(0x6267b5c5, 0x676e3e42)</Identifier>
					<Value>384</Value>
				</Attribute>
			</Attributes>
		</Link>
	</Links>
	<Comments>
		<Comment>
			<Identifier>(0x00006f5e, 0x000028b7)</Identifier>
			<Text>This scenario is an example of
how to convert files between formats. 

Conversion may not work correctly for all
possible input and output combinations.

You may have to customize the scenario
to your particular case.

If you run this scenario manually from Designer, 
please configure the input and output filenames 
of the reader and writer boxes.

Script 'openvibe-convert' relies on this scenario.</Text>
			<Attributes>
				<Attribute>
					<Identifier>(0x473d9a43, 0x97fc0a97)</Identifier>
					<Value>-32</Value>
				</Attribute>
				<Attribute>
					<Identifier>(0x7234b86b, 0x2b8651a5)</Identifier>
					<Value>-400</Value>
				</Attribute>
			</Attributes>
		</Comment>
	</Comments>
	<Metadata>
		<Entry>
			<Identifier>(0x0000775c, 0x000078ff)</Identifier>
			<Type>(0x3bcce5d2, 0x43f2d968)</Type>
			<Data>[{"boxIdentifier":"(0xffffffff, 0xffffffff)","childCount":1,"height":1,"identifier":"(0x0000164a, 0x0000093b)","index":0,"name":"Default window","parentIdentifier":"(0xffffffff, 0xffffffff)","type":1,"width":1},{"boxIdentifier":"(0xffffffff, 0xffffffff)","childCount":1,"identifier":"(0x00002332, 0x0000569b)","index":0,"name":"Default tab","parentIdentifier":"(0x0000164a, 0x0000093b)","type":2},{"boxIdentifier":"(0xffffffff, 0xffffffff)","childCount":0,"identifier":"(0x00006b61, 0x00004740)","index":0,"name":"Empty","parentIdentifier":"(0x00002332, 0x0000569b)","type":0}]</Data>
		</Entry>
	</Metadata>
</OpenViBE-Scenario>