<OpenViBE-Scenario>
	<FormatVersion>1</FormatVersion>
	<Creator>OpenVIBE</Creator>
	<CreatorVersion>0.0.2</CreatorVersion>
	<Boxes>
		<Box>
			<Identifier>(0x0de6da7d, 0x3a63884e)</Identifier>
			<Name>Player Controller</Name>
			<AlgorithmClassIdentifier>(0x5f426dce, 0x08456e13)</AlgorithmClassIdentifier>
			<Inputs>
				<Input>
					<TypeIdentifier>(0x6f752dd0, 0x082a321e)</TypeIdentifier>
					<Name>Stimulations</Name>
				</Input>
			</Inputs>
			<Settings>
				<Setting>
					<TypeIdentifier>(0x2c132d6e, 0x44ab0d97)</TypeIdentifier>
					<Name>Stimulation name</Name>
					<DefaultValue>OVTK_StimulationId_Label_00</DefaultValue>
					<Value>OVTK_StimulationId_TrainCompleted</Value>
					<Modifiability>false</Modifiability>
				</Setting>
				<Setting>
					<TypeIdentifier>(0xcc14d8d6, 0xf27ecb73)</TypeIdentifier>
					<Name>Action to perform</Name>
					<DefaultValue>Pause</DefaultValue>
					<Value>Stop</Value>
					<Modifiability>false</Modifiability>
				</Setting>
			</Settings>
			<Attributes>
				<Attribute>
					<Identifier>(0x1fa7a38f, 0x54edbe0b)</Identifier>
					<Value>528</Value>
				</Attribute>
				<Attribute>
					<Identifier>(0x1fa963f5, 0x1a638cd4)</Identifier>
					<Value>27</Value>
				</Attribute>
				<Attribute>
					<Identifier>(0x207c9054, 0x3c841b63)</Identifier>
					<Value>352</Value>
				</Attribute>
				<Attribute>
					<Identifier>(0x4e7b798a, 0x183beafb)</Identifier>
					<Value>(0x568d148e, 0x650792b3)</Value>
				</Attribute>
				<Attribute>
					<Identifier>(0xad100179, 0xa3c984ab)</Identifier>
					<Value>134</Value>
				</Attribute>
				<Attribute>
					<Identifier>(0xce18836a, 0x9c0eb403)</Identifier>
					<Value>2</Value>
				</Attribute>
				<Attribute>
					<Identifier>(0xcfad85b0, 0x7c6d841c)</Identifier>
					<Value>1</Value>
				</Attribute>
			</Attributes>
		</Box>
		<Box>
			<Identifier>(0x643a57e6, 0x5db6b5a5)</Identifier>
			<Name>Experiment Settings</Name>
			<AlgorithmClassIdentifier>(0x0b5a2787, 0x02750621)</AlgorithmClassIdentifier>
			<Inputs>
				<Input>
					<TypeIdentifier>(0x6f752dd0, 0x082a321e)</TypeIdentifier>
					<Name>New input</Name>
				</Input>
			</Inputs>
			<Outputs>
				<Output>
					<TypeIdentifier>(0x6f752dd0, 0x082a321e)</TypeIdentifier>
					<Name>Stimulations</Name>
				</Output>
			</Outputs>
			<Settings>
				<Setting>
					<TypeIdentifier>(0xb0d0db45, 0x49cbc34a)</TypeIdentifier>
					<Name>Lua Script</Name>
					<DefaultValue></DefaultValue>
					<Value>${Player_ScenarioDirectory}/scripts/configuration-experiment-settings.lua</Value>
					<Modifiability>false</Modifiability>
				</Setting>
				<Setting>
					<TypeIdentifier>(0x7f45a2a9, 0x7db12219)</TypeIdentifier>
					<Name>Target Light Color</Name>
					<DefaultValue>100,0,0</DefaultValue>
					<Value>100,0,0</Value>
					<Modifiability>false</Modifiability>
				</Setting>
				<Setting>
					<TypeIdentifier>(0x7f45a2a9, 0x7db12219)</TypeIdentifier>
					<Name>Target Dark Color</Name>
					<DefaultValue>0,0,0</DefaultValue>
					<Value>10,10,10</Value>
					<Modifiability>false</Modifiability>
				</Setting>
				<Setting>
					<TypeIdentifier>(0x79a9edeb, 0x245d83fc)</TypeIdentifier>
					<Name>Stimulation Frequencies</Name>
					<DefaultValue>20;15;12</DefaultValue>
					<Value>20;15;12</Value>
					<Modifiability>false</Modifiability>
				</Setting>
				<Setting>
					<TypeIdentifier>(0x512a166f, 0x5c3ef83f)</TypeIdentifier>
					<Name>Processing Epoch Duration</Name>
					<DefaultValue>0.5</DefaultValue>
					<Value>0.5</Value>
					<Modifiability>false</Modifiability>
				</Setting>
				<Setting>
					<TypeIdentifier>(0x512a166f, 0x5c3ef83f)</TypeIdentifier>
					<Name>Processing Epoch Interval</Name>
					<DefaultValue>0.1</DefaultValue>
					<Value>0.1</Value>
					<Modifiability>false</Modifiability>
				</Setting>
				<Setting>
					<TypeIdentifier>(0x512a166f, 0x5c3ef83f)</TypeIdentifier>
					<Name>Processing Frequency Tolerance</Name>
					<DefaultValue>0.250</DefaultValue>
					<Value>0.250</Value>
					<Modifiability>false</Modifiability>
				</Setting>
			</Settings>
			<Attributes>
				<Attribute>
					<Identifier>(0x17ee7c08, 0x94c14893)</Identifier>
					<Value></Value>
				</Attribute>
				<Attribute>
					<Identifier>(0x1fa7a38f, 0x54edbe0b)</Identifier>
					<Value>272</Value>
				</Attribute>
				<Attribute>
					<Identifier>(0x1fa963f5, 0x1a638cd4)</Identifier>
					<Value>57</Value>
				</Attribute>
				<Attribute>
					<Identifier>(0x207c9054, 0x3c841b63)</Identifier>
					<Value>352</Value>
				</Attribute>
				<Attribute>
					<Identifier>(0x4e7b798a, 0x183beafb)</Identifier>
					<Value>(0xd6e3f48b, 0xbee3523a)</Value>
				</Attribute>
				<Attribute>
					<Identifier>(0x61d11811, 0x71e65362)</Identifier>
					<Value></Value>
				</Attribute>
				<Attribute>
					<Identifier>(0xad100179, 0xa3c984ab)</Identifier>
					<Value>158</Value>
				</Attribute>
				<Attribute>
					<Identifier>(0xc67a01dc, 0x28ce06c1)</Identifier>
					<Value></Value>
				</Attribute>
				<Attribute>
					<Identifier>(0xc80ce8af, 0xf699f813)</Identifier>
					<Value>1</Value>
				</Attribute>
				<Attribute>
					<Identifier>(0xce18836a, 0x9c0eb403)</Identifier>
					<Value>1</Value>
				</Attribute>
				<Attribute>
					<Identifier>(0xf191c1c8, 0xa0123976)</Identifier>
					<Value></Value>
				</Attribute>
				<Attribute>
					<Identifier>(0xfba64161, 0x65304e21)</Identifier>
					<Value></Value>
				</Attribute>
			</Attributes>
		</Box>
		<Box>
			<Identifier>(0x7e8245e4, 0x41dbf359)</Identifier>
			<Name>Peripheral Settings</Name>
			<AlgorithmClassIdentifier>(0x0b5a2787, 0x02750621)</AlgorithmClassIdentifier>
			<Outputs>
				<Output>
					<TypeIdentifier>(0x6f752dd0, 0x082a321e)</TypeIdentifier>
					<Name>Stimulations</Name>
				</Output>
			</Outputs>
			<Settings>
				<Setting>
					<TypeIdentifier>(0xb0d0db45, 0x49cbc34a)</TypeIdentifier>
					<Name>Lua Script</Name>
					<DefaultValue></DefaultValue>
					<Value>${Player_ScenarioDirectory}/scripts/configuration-peripheral-settings.lua</Value>
					<Modifiability>false</Modifiability>
				</Setting>
				<Setting>
					<TypeIdentifier>(0x007deef9, 0x2f3e95c6)</TypeIdentifier>
					<Name>Screen Refresh Rate</Name>
					<DefaultValue>60</DefaultValue>
					<Value>60</Value>
					<Modifiability>false</Modifiability>
				</Setting>
			</Settings>
			<Attributes>
				<Attribute>
					<Identifier>(0x17ee7c08, 0x94c14893)</Identifier>
					<Value></Value>
				</Attribute>
				<Attribute>
					<Identifier>(0x1fa7a38f, 0x54edbe0b)</Identifier>
					<Value>0</Value>
				</Attribute>
				<Attribute>
					<Identifier>(0x1fa963f5, 0x1a638cd4)</Identifier>
					<Value>57</Value>
				</Attribute>
				<Attribute>
					<Identifier>(0x207c9054, 0x3c841b63)</Identifier>
					<Value>352</Value>
				</Attribute>
				<Attribute>
					<Identifier>(0x4e7b798a, 0x183beafb)</Identifier>
					<Value>(0xd6e3f48b, 0xbee3523a)</Value>
				</Attribute>
				<Attribute>
					<Identifier>(0x61d11811, 0x71e65362)</Identifier>
					<Value></Value>
				</Attribute>
				<Attribute>
					<Identifier>(0xad100179, 0xa3c984ab)</Identifier>
					<Value>149</Value>
				</Attribute>
				<Attribute>
					<Identifier>(0xc80ce8af, 0xf699f813)</Identifier>
					<Value>1</Value>
				</Attribute>
				<Attribute>
					<Identifier>(0xce18836a, 0x9c0eb403)</Identifier>
					<Value>1</Value>
				</Attribute>
				<Attribute>
					<Identifier>(0xf191c1c8, 0xa0123976)</Identifier>
					<Value></Value>
				</Attribute>
				<Attribute>
					<Identifier>(0xfba64161, 0x65304e21)</Identifier>
					<Value></Value>
				</Attribute>
			</Attributes>
		</Box>
	</Boxes>
	<Links>
		<Link>
			<Identifier>(0x0c266f90, 0x7fc31cc9)</Identifier>
			<Source>
				<BoxIdentifier>(0x643a57e6, 0x5db6b5a5)</BoxIdentifier>
				<BoxOutputIndex>0</BoxOutputIndex>
			</Source>
			<Target>
				<BoxIdentifier>(0x0de6da7d, 0x3a63884e)</BoxIdentifier>
				<BoxInputIndex>0</BoxInputIndex>
			</Target>
			<Attributes>
				<Attribute>
					<Identifier>(0x1b32c44c, 0x1905e0e9)</Identifier>
					<Value>307</Value>
				</Attribute>
				<Attribute>
					<Identifier>(0x358ae8b5, 0x0f8bacd1)</Identifier>
					<Value>352</Value>
				</Attribute>
				<Attribute>
					<Identifier>(0x3f0a3b27, 0x570913d2)</Identifier>
					<Value>510</Value>
				</Attribute>
				<Attribute>
					<Identifier>(0x6267b5c5, 0x676e3e42)</Identifier>
					<Value>352</Value>
				</Attribute>
			</Attributes>
		</Link>
		<Link>
			<Identifier>(0x1e9366aa, 0x1443b0fb)</Identifier>
			<Source>
				<BoxIdentifier>(0x7e8245e4, 0x41dbf359)</BoxIdentifier>
				<BoxOutputIndex>0</BoxOutputIndex>
			</Source>
			<Target>
				<BoxIdentifier>(0x643a57e6, 0x5db6b5a5)</BoxIdentifier>
				<BoxInputIndex>0</BoxInputIndex>
			</Target>
			<Attributes>
				<Attribute>
					<Identifier>(0x1b32c44c, 0x1905e0e9)</Identifier>
					<Value>35</Value>
				</Attribute>
				<Attribute>
					<Identifier>(0x358ae8b5, 0x0f8bacd1)</Identifier>
					<Value>352</Value>
				</Attribute>
				<Attribute>
					<Identifier>(0x3f0a3b27, 0x570913d2)</Identifier>
					<Value>239</Value>
				</Attribute>
				<Attribute>
					<Identifier>(0x6267b5c5, 0x676e3e42)</Identifier>
					<Value>352</Value>
				</Attribute>
			</Attributes>
		</Link>
	</Links>
	<Comments>
		<Comment>
			<Identifier>(0x05488892, 0x66346878)</Identifier>
			<Text>&lt;big&gt;&lt;b&gt;Peripheral Settings&lt;/b&gt;&lt;/big&gt;

Settings in this box must match your hardware configuration.
Currently, the only supported setting is the screen refresh rate.

&lt;b&gt;Screen Refresh Rate : &lt;/b&gt; The refresh rate of your screen, 
refer to your screen's user manual to find this value.

&lt;span color="red"&gt;Important notice&lt;/span&gt;

Your screen will be able to reproduce only frequencies which
are result of division of your screen refresh rate by an
integer. </Text>
			<Attributes>
				<Attribute>
					<Identifier>(0x473d9a43, 0x97fc0a97)</Identifier>
					<Value>-32</Value>
				</Attribute>
				<Attribute>
					<Identifier>(0x7234b86b, 0x2b8651a5)</Identifier>
					<Value>-48</Value>
				</Attribute>
			</Attributes>
		</Comment>
		<Comment>
			<Identifier>(0x3974ed1f, 0x29aa94c8)</Identifier>
			<Text>&lt;big&gt;&lt;b&gt;Scenario description&lt;/b&gt;&lt;/big&gt;

&lt;b&gt;&lt;span color="red"&gt;This scenario must be run at least once before
running any further SSVEP scenarios&lt;/span&gt;&lt;/b&gt;

This is a scenario where you can configure your SSVEP experiment. There
are two boxes containing configuration parameters:

&lt;b&gt;Peripheral Settings&lt;/b&gt;

&lt;b&gt;Experiment Settings&lt;/b&gt;

For more detailed description please refer to the SSVEP
documentation page.</Text>
			<Attributes>
				<Attribute>
					<Identifier>(0x473d9a43, 0x97fc0a97)</Identifier>
					<Value>352</Value>
				</Attribute>
				<Attribute>
					<Identifier>(0x7234b86b, 0x2b8651a5)</Identifier>
					<Value>-336</Value>
				</Attribute>
			</Attributes>
		</Comment>
		<Comment>
			<Identifier>(0x5604a66d, 0x71c42d00)</Identifier>
			<Text>	&lt;b&gt;&lt;span color="#2060ff"&gt;Configurable box&lt;/span&gt;&lt;/b&gt;	





</Text>
			<Attributes>
				<Attribute>
					<Identifier>(0x473d9a43, 0x97fc0a97)</Identifier>
					<Value>352</Value>
				</Attribute>
				<Attribute>
					<Identifier>(0x7234b86b, 0x2b8651a5)</Identifier>
					<Value>0</Value>
				</Attribute>
			</Attributes>
		</Comment>
		<Comment>
			<Identifier>(0x60f812bd, 0x313894cf)</Identifier>
			<Text>&lt;big&gt;&lt;b&gt;Experiment Settings&lt;/b&gt;&lt;/big&gt;

Settings concerning the SSVEP experiment in general.

&lt;b&gt;Target Light Color&lt;/b&gt; and &lt;b&gt;Target Dark Color&lt;/b&gt; represent
the two colors which will be used to generate the flickering of
the targets. The notation Light and Dark is arbitrary, however on
frequencies using odd number of frames will use more frames to
represent the Light color.

&lt;b&gt;Stimulation Frequencies&lt;/b&gt; A comma separated list of
frequencies used for the stimulation. Refer to the documentation
for more details.

&lt;b&gt;Processing Epoch Duration&lt;/b&gt; The length of the slice of the signal
which will be used to find SSVEP response. With longer duration precision
will increase at the detriment of the lag.

&lt;b&gt;Processing Epoch Interval&lt;/b&gt; The speed interval between slices of the
signal.

&lt;b&gt;Processing Frequency Tolerance&lt;/b&gt; The width of the frequency band
around the stimulation frequency used for classification.</Text>
			<Attributes>
				<Attribute>
					<Identifier>(0x473d9a43, 0x97fc0a97)</Identifier>
					<Value>-32</Value>
				</Attribute>
				<Attribute>
					<Identifier>(0x7234b86b, 0x2b8651a5)</Identifier>
					<Value>304</Value>
				</Attribute>
			</Attributes>
		</Comment>
		<Comment>
			<Identifier>(0x6a410d4e, 0x61696337)</Identifier>
			<Text>	&lt;b&gt;&lt;span color="#2060ff"&gt;Configurable box&lt;/span&gt;&lt;/b&gt;	





</Text>
			<Attributes>
				<Attribute>
					<Identifier>(0x473d9a43, 0x97fc0a97)</Identifier>
					<Value>352</Value>
				</Attribute>
				<Attribute>
					<Identifier>(0x7234b86b, 0x2b8651a5)</Identifier>
					<Value>272</Value>
				</Attribute>
			</Attributes>
		</Comment>
	</Comments>
	<Metadata>
		<Entry>
			<Identifier>(0x0000775c, 0x000078ff)</Identifier>
			<Type>(0x3bcce5d2, 0x43f2d968)</Type>
			<Data>[{"boxIdentifier":"(0xffffffff, 0xffffffff)","childCount":1,"height":1,"identifier":"(0x48715606, 0x15ba4f24)","index":0,"name":"Default window","parentIdentifier":"(0xffffffff, 0xffffffff)","type":1,"width":1},{"boxIdentifier":"(0xffffffff, 0xffffffff)","childCount":1,"identifier":"(0x3683b3e2, 0x7c4b4806)","index":0,"name":"Default tab","parentIdentifier":"(0x48715606, 0x15ba4f24)","type":2},{"boxIdentifier":"(0xffffffff, 0xffffffff)","childCount":0,"identifier":"(0x1fb42682, 0x45866d35)","index":0,"name":"Empty","parentIdentifier":"(0x3683b3e2, 0x7c4b4806)","type":0}]</Data>
		</Entry>
	</Metadata>
</OpenViBE-Scenario>